time_published,Adj Close,Al Jareeza,Associated Press,Barrons,Benzinga,Business Insider,Business Standard,CNBC,CNN,Canada Newswire,Cointelegraph,Decrypt.co,Financial News London,Financial Times,Forbes,Fox Business News,GlobeNewswire,Investing News Network,Investor Ideas,Investors Business Daily,Kiplinger,MarketWatch,Money Control,Money Morning,Motley Fool,New York Times,PR Newswire,PennyStocks.com,Reuters,South China Morning Post,StockMarket.com,Stocknews.com,The Atlantic,The Economist,The Financial Express,The Street,The Week News,UPI Business,Wall Street Journal,Zacks Commentary
2023-09-01,374.4758605957031,-1.0,0.011935666666666669,0.152958,0.17351457142857143,0.15625375,-1.0,-0.108245,-0.0968465,-1.0,0.184718,-1.0,-1.0,-1.0,-0.03124,-1.0,0.15979133333333334,-1.0,-1.0,-1.0,-1.0,0.019363,-1.0,-0.023914,0.15531319999999998,-1.0,0.3055113333333333,-1.0,0.126932,-1.0,-1.0,-1.0,-1.0,-1.0,-1.0,-1.0,-1.0,-1.0,-1.0,0.19306322222222225
2023-09-05,374.9518737792969,-1.0,-0.043037,-1.0,0.22485233333333335,0.1130845,-1.0,0.080024,0.091604,-1.0,-0.020069999999999998,0.050042,-1.0,-1.0,0.045524,0.224725,0.199319,-1.0,-1.0,-1.0,0.139093,-1.0,-1.0,-1.0,0.014499999999999999,0.061763750000000006,0.0969805,-1.0,-0.031188,-1.0,-1.0,-1.0,-1.0,-1.0,-1.0,-1.0,-1.0,-1.0,-1.0,0.20426418181818182
2023-09-06,371.6493225097656,-1.0,0.062341,0.097872,0.25572354545454545,0.073166,-1.0,-0.03700166666666666,-0.061244,0.31681366666666666,0.274579,-1.0,-1.0,-1.0,0.02808133333333333,0.216113,0.21217,-1.0,-1.0,-0.031615,-1.0,0.029862500000000007,-1.0,-1.0,-1.0,-0.107149,-1.0,-1.0,-1.0,-1.0,-1.0,-1.0,0.114045,-1.0,-1.0,-1.0,-1.0,-1.0,-1.0,0.1757561875
2023-09-07,368.991455078125,-1.0,0.2309365,-1.0,0.206763125,-0.019377,-1.0,-0.1079,-0.198546,0.30836766666666665,-1.0,0.007246,-1.0,-1.0,0.23383700000000002,-0.031304,0.09511649999999999,-1.0,-1.0,0.132852,-1.0,-0.288128,-1.0,-1.0,0.24299066666666666,-0.03649033333333333,0.325506,-1.0,0.173025,-1.0,-1.0,-1.0,0.159195,-1.0,-1.0,-1.0,-1.0,-1.0,-1.0,0.2146520625
2023-09-08,369.5071716308594,-1.0,-0.041194,-1.0,0.16306579999999998,0.0791055,-1.0,-1.0,-0.035940875,-1.0,-1.0,-1.0,-1.0,-1.0,-0.424582,-0.014421,-1.0,-1.0,-1.0,-1.0,-1.0,-1.0,-1.0,-1.0,0.23675000000000002,0.009036000000000002,0.24792925000000002,-1.0,-1.0,-1.0,-1.0,-1.0,-1.0,-1.0,-1.0,0.209266,-1.0,-1.0,-1.0,0.19821666666666668
2023-09-11,373.8609619140625,-1.0,-0.060264500000000006,-1.0,0.20620375,0.1827665,0.252044,0.2414715,-0.047282,0.212628,0.171213,0.177215,-1.0,-1.0,0.011551499999999992,0.145256,0.209715,-1.0,-1.0,0.0909685,-1.0,0.36369850000000004,-1.0,-1.0,-1.0,-0.009582333333333333,-1.0,-1.0,0.229026,0.162749,-1.0,-1.0,-1.0,-1.0,-0.09308250000000001,-1.0,-1.0,-1.0,-1.0,0.2102133846153846
2023-09-12,369.7154846191406,0.048411,0.01674,0.164525,0.15171753333333332,-1.0,0.285702,0.11463699999999999,-0.06860049999999998,0.1717775,-1.0,0.048197,-1.0,-1.0,-0.187006,-1.0,0.128429,-1.0,-1.0,-0.007271,-1.0,0.0299645,-1.0,-1.0,0.09424949999999999,-0.010735,0.0635135,-1.0,0.040395,-1.0,-1.0,-1.0,-1.0,-1.0,-0.153968,-1.0,0.016887,-1.0,-1.0,0.13653142857142858
2023-09-13,371.12371826171875,-1.0,-0.04819366666666667,0.27613299999999996,0.2269679,0.1503585,-1.0,0.10158,-0.10917866666666666,0.18403,-1.0,0.077056,-1.0,-1.0,0.031412999999999996,0.12082820000000001,0.098433,-1.0,-1.0,-1.0,-1.0,0.111074,-1.0,-1.0,0.141014,-0.071232,0.0473835,-1.0,0.070326,-1.0,-1.0,-1.0,-1.0,-1.0,-1.0,-1.0,-1.0,-1.0,-1.0,0.1666678888888889
2023-09-14,374.1584777832031,-1.0,-1.0,-1.0,0.20854055555555556,0.435391,-1.0,0.1554734,-0.024393,-1.0,-1.0,0.257625,-1.0,-1.0,0.121568,-0.04633066666666666,0.32416,-1.0,-1.0,-1.0,-1.0,0.108018,-1.0,0.261988,-1.0,-0.185854,-1.0,-1.0,-1.0,-1.0,-1.0,-1.0,-1.0,-1.0,-0.07197900000000002,-1.0,-1.0,-0.0419605,-1.0,0.2150169
2023-09-15,367.7518005371094,-1.0,-0.049651,-1.0,0.21077866666666667,0.018347000000000002,-1.0,0.100392,-0.018587499999999996,0.13711,-1.0,-1.0,-1.0,-1.0,0.312306,-0.17652,0.266789,-1.0,-1.0,-0.051003,-1.0,-1.0,-1.0,-1.0,0.06459124999999999,0.14941,0.2923844285714286,-1.0,0.204838,-1.0,-1.0,-1.0,0.168621,-1.0,-1.0,0.200692,-1.0,-1.0,-1.0,0.1935522
2023-09-18,368.1351623535156,-1.0,-0.02634,-1.0,0.24820672727272727,0.029503,-1.0,0.08471925,-0.06811800000000001,0.446589,-1.0,-1.0,-1.0,-1.0,0.19436900000000001,0.147483,0.384722,-1.0,-1.0,-1.0,-1.0,-1.0,-1.0,-1.0,0.078949,0.04593233333333333,0.313616,-1.0,-1.0,-1.0,-1.0,-1.0,-1.0,-1.0,-1.0,-1.0,-1.0,-1.0,-1.0,0.2415031111111111
2023-09-19,367.3504943847656,-1.0,-0.12512700000000002,-1.0,0.2718666,-1.0,-1.0,-1.0,-0.12817333333333333,-1.0,-1.0,0.1870365,-1.0,-1.0,-0.03387199999999999,0.13713,0.115262,-1.0,-1.0,0.038853,-1.0,0.16516350000000002,-1.0,-1.0,0.10895633333333334,0.09309066666666667,0.36116099999999995,-1.0,0.069652,-1.0,-1.0,-1.0,-0.095629,-1.0,-1.0,-1.0,-1.0,-1.0,-1.0,0.1640628888888889
2023-09-20,362.056884765625,-1.0,0.182471,-1.0,0.1392998,0.2273125,-1.0,-1.0,-0.05164883333333333,-1.0,-1.0,-0.132583,0.165737,-1.0,0.093718,0.2003395,0.20095333333333332,-1.0,-1.0,-1.0,-1.0,0.035252,-1.0,-1.0,-1.0,-1.0,0.471438,-1.0,0.189982,-1.0,-1.0,-1.0,-1.0,-1.0,-1.0,-1.0,-1.0,-1.0,-1.0,0.17129382352941178
2023-09-21,355.42230224609375,-1.0,0.014399666666666663,0.116936,0.09573677777777778,0.18954316666666668,-1.0,-1.0,0.129966,-1.0,-1.0,0.14539924999999998,-1.0,-1.0,0.097829,0.110241,-1.0,0.334753,-1.0,0.117973,-1.0,0.264621,-1.0,-1.0,0.11507,0.011570999999999998,0.334877,-1.0,0.050101,-1.0,-1.0,-1.0,-1.0,-1.0,-1.0,-1.0,-1.0,-1.0,-1.0,0.14934575
2023-09-22,355.47198486328125,-1.0,-1.0,-0.03745466666666666,0.10898159999999998,0.0339578,-1.0,0.120994,-0.0415305,-1.0,-1.0,-1.0,-1.0,-1.0,-1.0,-0.141603,-1.0,-1.0,-1.0,0.099065,-1.0,-1.0,-1.0,-1.0,0.12615866666666667,-0.048159,0.22070044444444445,-1.0,-1.0,-1.0,-1.0,-1.0,-1.0,-1.0,-1.0,0.159608,0.14699299999999998,-1.0,-1.0,0.12614084615384616
2023-09-25,357.1603698730469,-1.0,-1.0,-1.0,0.11518930000000001,0.20001675000000002,-1.0,-1.0,-1.0,-1.0,-1.0,-0.108485,-1.0,-1.0,-1.0,0.057177,-1.0,0.370546,-1.0,-1.0,-1.0,0.048049499999999995,-1.0,-1.0,-1.0,0.06949520000000001,0.276615,-1.0,0.107813,-1.0,-1.0,0.303499,-1.0,-1.0,-1.0,-1.0,-1.0,-1.0,-1.0,0.17285813333333333
2023-09-26,351.79718017578125,-0.119616,0.08474533333333334,0.09566533333333334,0.1490884285714286,0.317703,-1.0,-1.0,0.085051,-1.0,-1.0,-1.0,-1.0,-1.0,-0.017956999999999997,-1.0,0.210465,-1.0,-1.0,-1.0,-1.0,-0.045778000000000006,-1.0,-1.0,0.015648000000000002,-0.014561000000000004,0.3369546666666667,-1.0,0.082663,-1.0,-1.0,-1.0,-0.014826,-1.0,-1.0,-1.0,-1.0,-1.0,-1.0,0.124718625
2023-09-27,352.6215515136719,0.20575,-0.287657,0.309012,0.2842983,0.1867256,-1.0,0.004732,0.04773,-1.0,0.020983500000000002,-1.0,-1.0,-1.0,0.291465,0.058068,0.3246375,-1.0,-1.0,-1.0,-1.0,-1.0,-1.0,-1.0,0.258785,0.11774899999999999,0.34274550000000004,-1.0,-1.0,-0.045192,-1.0,-1.0,0.034007,-1.0,-1.0,-1.0,0.158293,-1.0,-1.0,0.13913436363636364
2023-09-28,355.5713195800781,-1.0,0.078929,-1.0,0.15368683333333333,0.193612,-1.0,-0.07064,-0.050552125,-1.0,-0.028942,0.274131,-1.0,-1.0,0.1592815,-1.0,-1.0,-1.0,-1.0,0.288444,-1.0,-1.0,-1.0,-1.0,0.05512900000000001,0.067032,0.3388844,-1.0,-1.0,-1.0,-1.0,0.217237,-1.0,-1.0,-1.0,-1.0,0.255765,-1.0,-1.0,0.20624628571428572
2023-09-29,355.82952880859375,-1.0,-0.269865,-1.0,0.09695185714285715,0.060634,0.285702,-1.0,0.085522,-1.0,-1.0,-1.0,-1.0,-1.0,0.10082999999999999,-0.081098,0.231954,0.293143,-1.0,-1.0,-1.0,-1.0,-1.0,-1.0,0.21329800000000002,-1.0,0.1403081,-1.0,0.105627,-1.0,-1.0,-1.0,0.109351,-1.0,0.054261,0.076518,0.209218,-1.0,-1.0,0.12447280000000001
2023-10-02,358.7991943359375,-1.0,-0.148212,-1.0,0.25824816666666667,0.11577,-1.0,0.162258,0.021536,-1.0,-1.0,0.312558,-1.0,-1.0,0.12783433333333333,-1.0,0.27651566666666666,-1.0,-1.0,-1.0,-1.0,0.200565,-1.0,-1.0,0.0744736,-1.0,0.264619,-1.0,-1.0,0.213786,-1.0,-1.0,-1.0,-1.0,0.157542,-1.0,-1.0,-1.0,-1.0,0.18248115384615385
2023-10-03,352.5023193359375,-1.0,0.029306000000000002,-1.0,0.29929611111111115,0.1850375,-1.0,0.022031,0.076594,-1.0,-1.0,0.11412066666666666,-1.0,-1.0,-0.065526,0.047733,0.22825800000000002,-1.0,-1.0,0.007364,-1.0,0.113451,-1.0,-1.0,0.1693445,-1.0,0.2550308,-1.0,-1.0,-0.00489,-1.0,-1.0,-1.0,-1.0,-1.0,-1.0,-1.0,-1.0,-1.0,0.09237471428571428
2023-10-04,357.2994689941406,-1.0,0.07009649999999999,-1.0,0.207544875,0.2959855,-1.0,0.132757,-0.03149400000000001,0.2487465,-1.0,0.321343,-1.0,-1.0,0.209117,0.282741,0.177458,-1.0,-1.0,-1.0,-1.0,0.123368,-1.0,-1.0,0.091206,-1.0,0.29368866666666665,-1.0,-1.0,-1.0,-1.0,-1.0,0.073786,-1.0,-1.0,-1.0,0.081432,-1.0,-1.0,0.17264238461538461
2023-10-05,356.2466735839844,-1.0,-0.0741665,-1.0,0.1556671111111111,0.0922705,-1.0,0.14597466666666667,-0.056019000000000006,-1.0,-1.0,-1.0,-1.0,-1.0,0.0700795,0.069577,0.229101,-1.0,-1.0,0.088702,-1.0,-1.0,-1.0,-1.0,0.11376460000000002,-1.0,0.2516825,-1.0,-1.0,-1.0,-1.0,-1.0,-1.0,-1.0,-1.0,-1.0,-1.0,-1.0,-1.0,0.12128144444444446
2023-10-06,362.2157287597656,-1.0,0.144647,-1.0,0.1875158,-1.0,-1.0,0.1231705,0.017082249999999993,0.269053,-1.0,0.100099,-1.0,-1.0,0.120115,-0.021704499999999998,0.23792899999999997,-1.0,-1.0,-1.0,0.048771,0.198416,-1.0,-1.0,0.07122724999999999,-1.0,0.2934236666666667,-1.0,0.040796,-1.0,-1.0,-1.0,-1.0,-1.0,-1.0,0.168832,0.002443,-1.0,-1.0,0.22202175
2023-10-09,364.06304931640625,-1.0,-0.022665333333333332,-1.0,0.22767428571428572,-1.0,-1.0,0.19804500000000003,-0.1041638,-1.0,-1.0,0.16049049999999998,-1.0,-1.0,-1.0,-1.0,-1.0,-1.0,-1.0,0.099634,-1.0,-1.0,-1.0,-1.0,0.2213845,-1.0,0.1503393,-1.0,-1.0,-1.0,-1.0,-1.0,-1.0,-1.0,-1.0,-1.0,-1.0,-1.0,-1.0,0.16476194117647058
2023-10-10,366.0792236328125,-0.214723,-0.05737266666666666,-1.0,0.17992229411764707,-1.0,-1.0,0.1372485,-0.16849833333333333,-1.0,-1.0,0.2013435,0.196648,-1.0,0.046131,-1.0,0.1471674,0.163093,-1.0,0.253502,-1.0,0.10677,-1.0,-1.0,0.1086915,-1.0,0.509361,-1.0,0.08793533333333332,-1.0,-1.0,-1.0,-1.0,-1.0,0.219752,-1.0,-1.0,-1.0,-1.0,0.161492
2023-10-11,368.6913146972656,-1.0,-0.0892435,-1.0,0.16893799999999998,-0.0418215,-1.0,-1.0,-0.0359402,0.3480605,-1.0,-1.0,-1.0,-1.0,-0.004897333333333337,0.046364666666666665,0.155131,-1.0,-1.0,-1.0,-1.0,0.069299,-1.0,-1.0,0.074353,-1.0,0.26474600000000004,-1.0,-1.0,-1.0,-1.0,-1.0,-0.069829,-1.0,-1.0,-1.0,-1.0,-1.0,-1.0,0.17695344444444444
2023-10-12,367.41009521484375,-1.0,-0.010786500000000001,-1.0,0.16311672727272727,0.135877,-1.0,-0.125932,0.152986,0.323498,-0.076638,0.008752499999999996,-1.0,-1.0,0.035807,-0.272981,0.137888,-1.0,-1.0,0.00977,-1.0,0.132237,-1.0,-1.0,0.230892,-1.0,0.24102800000000002,-1.0,-1.0,-1.0,-1.0,-1.0,-1.0,-1.0,0.125968,-1.0,-1.0,-1.0,-1.0,0.13521646153846154
2023-10-13,362.79180908203125,-0.317811,0.021875,-1.0,0.34210266666666667,0.387956,-1.0,0.050563,-0.110463,0.2656445,0.002363,-1.0,-1.0,-1.0,0.059194000000000004,-0.069785,-1.0,-1.0,-1.0,0.041945,-1.0,0.21200349999999998,-1.0,-1.0,0.2783075,-1.0,0.2548483846153846,-1.0,-1.0,-1.0,-1.0,-1.0,-1.0,-1.0,0.053033,0.161329,-1.0,-1.0,-1.0,0.14698477777777777
2023-10-16,366.8936462402344,-1.0,-0.207803,-1.0,0.1867603846153846,0.144808,-1.0,0.009604999999999999,-0.03649785714285714,-1.0,-0.011926,-1.0,-1.0,-1.0,-1.0,-1.0,0.20783866666666664,-1.0,-1.0,0.148112,-1.0,-1.0,-1.0,-1.0,0.111537,-1.0,0.20676916666666667,-1.0,-1.0,-0.050379,-1.0,-1.0,-1.0,-1.0,-1.0,-1.0,-1.0,-1.0,-1.0,0.19708015384615385
2023-10-17,365.6919250488281,-0.099968,-1.0,-1.0,0.12016930769230769,-0.3568575,-1.0,-1.0,-0.01701166666666666,-1.0,-0.340415,0.124628,-1.0,-0.016733,0.1251555,0.070397,0.234321,0.263645,-1.0,-1.0,-1.0,0.08409,-1.0,-1.0,-1.0,-1.0,0.407756,-1.0,0.085964,-1.0,-1.0,-1.0,-1.0,-1.0,-1.0,-1.0,-1.0,-1.0,-1.0,0.15518875000000001
2023-10-18,360.894775390625,-1.0,0.048190500000000004,-1.0,0.23654099999999997,0.09390849999999999,-1.0,-0.026794666666666665,-0.007204,-1.0,0.13277566666666665,0.232248,-1.0,-1.0,0.10512,0.287569,-1.0,-1.0,-1.0,0.017121500000000005,-1.0,0.17930049999999997,-1.0,-1.0,-1.0,-1.0,-1.0,-1.0,-0.035506,-1.0,-1.0,-1.0,-1.0,-1.0,-1.0,-1.0,-1.0,-1.0,-1.0,0.12610054545454544
2023-10-19,357.51800537109375,-1.0,-0.014247,-1.0,0.07474650000000001,-0.08221200000000001,-1.0,-1.0,-0.03072825,-1.0,-0.09155,-1.0,-1.0,-1.0,-1.0,-1.0,0.16695,0.115515,-1.0,0.161526,-1.0,0.156271,-1.0,-1.0,0.031726,-1.0,0.31136585714285714,-1.0,-1.0,-1.0,-1.0,-1.0,-0.110754,-1.0,0.24354666666666666,-1.0,-1.0,-1.0,-1.0,0.13492563157894738
2023-10-20,352.1845397949219,-1.0,-0.293749,-1.0,0.12808133333333335,0.1812114,-1.0,0.004729,0.020081599999999998,0.514442,-1.0,-0.048251,-1.0,-1.0,-1.0,-0.097897,0.243456,-1.0,-1.0,-0.010036499999999997,0.059012,-1.0,-1.0,-1.0,-0.007349,-1.0,0.2266396923076923,-1.0,0.009785,-1.0,-1.0,-1.0,-1.0,-1.0,-1.0,0.184467,-1.0,-1.0,-1.0,0.13707545454545456
2023-10-23,353.247314453125,-1.0,-1.0,-1.0,0.185088,0.0940732,-1.0,0.096876,0.0,0.344579,0.264999,0.305535,-1.0,-1.0,0.20788,-1.0,0.3497995,-1.0,-1.0,0.150105,-1.0,-1.0,-1.0,-1.0,0.118683,-1.0,0.273758,-1.0,0.037471,-1.0,-1.0,-1.0,-1.0,-1.0,-1.0,-1.0,-1.0,-1.0,-1.0,0.14993519047619047
2023-10-24,356.68365478515625,-1.0,-0.1716323333333333,-1.0,0.242585,0.13195225000000002,-1.0,0.167035,-0.036886333333333333,-1.0,-1.0,-1.0,-1.0,-1.0,0.15717599999999998,0.03324133333333334,0.358651,-1.0,-1.0,-1.0,-1.0,0.251607,-1.0,-1.0,0.103269,-1.0,0.395754,-1.0,-0.036319,-1.0,-1.0,-1.0,-1.0,-1.0,0.129958,-1.0,-1.0,-1.0,-1.0,0.1692802272727273
2023-10-25,347.95355224609375,-1.0,0.02012933333333333,-1.0,0.241877,0.07472233333333332,-1.0,0.276452,0.03736966666666667,-1.0,0.226541,0.218206,-1.0,-1.0,-1.0,-1.0,-1.0,-1.0,-1.0,-1.0,-1.0,-1.0,-1.0,-1.0,0.2703123333333333,-1.0,0.15003975,-1.0,0.045659,-1.0,-1.0,-1.0,-1.0,-1.0,-1.0,-1.0,-1.0,-1.0,-1.0,0.13701916666666666
2023-10-26,341.3190612792969,-1.0,0.0753605,-1.0,0.1356,0.083104,-1.0,0.1022495,-0.0557955,0.2845086666666667,-1.0,-1.0,-1.0,-1.0,-0.088272,0.180583,-1.0,-1.0,-1.0,-1.0,-1.0,-1.0,-1.0,-1.0,-0.1373605,-1.0,0.18867425,-1.0,-1.0,-1.0,-1.0,-1.0,-1.0,-1.0,-1.0,-1.0,-1.0,-1.0,-1.0,0.12965320833333333
2023-10-27,342.95782470703125,-1.0,0.03507233333333334,-1.0,0.22798538461538462,0.0624622,-1.0,0.084903,-0.11299433333333335,0.23487,-1.0,0.227144,-1.0,-1.0,0.122194,-1.0,0.260658,-1.0,-1.0,0.100088,-1.0,0.122494,-1.0,-1.0,0.306832,-1.0,0.225186,-1.0,-0.002417,-1.0,-1.0,-1.0,-1.0,-1.0,-0.104229,0.182483,-1.0,-1.0,-1.0,0.15378669230769232
2023-10-30,346.8213195800781,-1.0,0.029097,-1.0,0.081728125,0.1656965,-1.0,-1.0,-0.05257350000000001,0.4006065,-1.0,0.161586,-1.0,-1.0,0.0,0.04498,0.182803,0.253419,-1.0,-1.0,-1.0,0.104748,-1.0,-1.0,0.454317,-1.0,0.347705,-1.0,-1.0,-1.0,-1.0,-1.0,-1.0,-1.0,0.056657,-1.0,-1.0,-1.0,-1.0,0.15297229166666668
2023-10-31,348.47991943359375,-1.0,0.022601250000000003,-1.0,0.17512166666666668,0.2419175,-1.0,0.183441,-1.0,-1.0,0.360099,0.069198,-1.0,0.079763,0.28643100000000005,0.335287,0.2098545,0.2660106666666667,-1.0,-1.0,-1.0,-1.0,-1.0,-1.0,0.16944716666666668,-1.0,0.3078785,-1.0,-1.0,-1.0,-1.0,-1.0,0.113048,-1.0,0.228877,-1.0,-1.0,-1.0,-1.0,0.21592733333333333
2023-11-01,354.5284729003906,-1.0,0.033396,-1.0,0.15991314285714284,-1.0,-1.0,0.03197,0.159686,0.161085,-1.0,-1.0,-1.0,-1.0,0.10843675,0.016853,0.236895,-1.0,-1.0,-1.0,-1.0,-1.0,-1.0,-1.0,0.22310666666666665,-1.0,0.163384,-1.0,-0.019271,-1.0,-1.0,-1.0,0.118569,-1.0,0.084839,-1.0,-1.0,-1.0,-1.0,0.1733301052631579
2023-11-02,360.9643249511719,-1.0,-0.0895878,-1.0,0.20175774999999999,-1.0,-1.0,0.1611,-0.21725850000000002,0.153841,0.156662,0.300999,-1.0,-1.0,-1.0,0.077834,0.20440025,0.171735,-1.0,0.097243,-1.0,-1.0,-1.0,-1.0,0.15529700000000002,-1.0,0.21844866666666665,-1.0,-0.019491,-1.0,-1.0,-1.0,-1.0,-1.0,0.173516,-1.0,-1.0,-1.0,-1.0,0.16861488888888887
2023-11-03,365.2052001953125,-1.0,-0.03218633333333334,-1.0,0.2573322,-0.0022976666666666653,-1.0,0.170467,-0.0767655,-1.0,-1.0,-1.0,-1.0,0.088352,0.2195628,0.0486005,-1.0,-1.0,-1.0,0.147136,-1.0,-1.0,-1.0,-1.0,0.22297225,-1.0,0.1423605,-1.0,-1.0,-1.0,-1.0,-1.0,-1.0,-1.0,-1.0,0.189331,-1.0,-1.0,-1.0,0.229586
2023-11-06,366.69500732421875,-1.0,0.22025050000000002,-1.0,0.19046227272727273,0.1576895,-1.0,-1.0,0.038523,-1.0,0.088734,0.241182,-1.0,-1.0,0.14154450000000002,-1.0,0.11970785714285714,0.281056,-1.0,0.199827,-1.0,-1.0,-1.0,-1.0,0.170548,-1.0,0.264691,-1.0,-1.0,-1.0,-1.0,-1.0,-0.090631,-1.0,-0.048127,-1.0,-1.0,-1.0,-1.0,0.2152198
2023-11-07,370.1612548828125,-1.0,-1.0,-1.0,0.11893185714285714,0.1385595,-1.0,0.126994,0.064282,0.27388066666666666,-1.0,0.12359,-1.0,-1.0,0.01058350000000001,-0.094007,0.19187549999999998,0.11309200000000001,-1.0,0.154993,-1.0,0.08011800000000001,-1.0,-1.0,-1.0,-1.0,0.318475,-1.0,0.079008,0.134774,-1.0,-1.0,-1.0,-1.0,0.014564500000000001,-1.0,-1.0,-1.0,-1.0,0.15949000000000002
2023-11-08,370.39959716796875,-1.0,-1.0,-1.0,0.22068009090909088,0.06141150000000001,-1.0,-1.0,0.020437200000000003,-1.0,-1.0,0.272162,-1.0,-1.0,0.22725849999999997,-1.0,0.17470642857142857,0.154662,-1.0,0.031128,-1.0,-1.0,-1.0,-1.0,0.24647000000000002,-1.0,0.23118266666666668,-1.0,0.020202,-1.0,-1.0,-1.0,-1.0,-1.0,-1.0,-1.0,-1.0,-1.0,-1.0,0.17849033333333333
2023-11-09,367.5491943359375,-1.0,-0.337654,-1.0,0.13079314285714286,0.277628,-1.0,0.10324124999999999,-0.0050140000000000046,0.18147649999999999,0.063255,0.106043,-1.0,-1.0,-1.0,0.251027,0.168088,0.209517,-1.0,0.072124,-1.0,0.141843,-1.0,-1.0,0.16958600000000001,-1.0,0.2142365,-1.0,-0.385306,-1.0,-1.0,-1.0,-1.0,-1.0,-1.0,-1.0,-1.0,-1.0,-1.0,0.1937352
2023-11-10,375.8125305175781,0.175569,-1.0,-1.0,0.15160066666666666,0.1731843333333333,-1.0,0.190743,-0.017582333333333335,0.149725,-1.0,0.28729,-1.0,-1.0,0.212022,0.117436,-1.0,0.255469,-1.0,0.145204,0.041943,0.061599,-1.0,-1.0,0.34610725,-1.0,0.13868253846153847,-1.0,-1.0,-1.0,-1.0,-1.0,-1.0,-1.0,-1.0,0.194149,-1.0,-1.0,-1.0,0.080704
2023-11-13,374.6405334472656,-1.0,-0.034583333333333334,-1.0,0.11962627777777778,-1.0,-1.0,-1.0,-0.047182,0.26343,-1.0,-1.0,-1.0,-1.0,0.131303,-1.0,0.18086875,0.171303,-1.0,0.1941255,-1.0,-1.0,-1.0,-1.0,0.131152,-1.0,0.21764039999999998,-1.0,0.118257,-0.031514,-1.0,-1.0,-1.0,0.164428,-1.0,-1.0,-1.0,-1.0,-1.0,0.19330322222222224
2023-11-14,382.7051696777344,-1.0,0.009635,-1.0,0.1676307777777778,0.101761,-1.0,-1.0,0.0960215,0.106837,-1.0,0.2039535,-1.0,-1.0,0.23110733333333333,-0.089051,0.19770512499999998,-1.0,-1.0,-1.0,-1.0,0.2700386666666667,-1.0,-1.0,0.1579025,-1.0,0.22284275,-1.0,0.087505,-1.0,-1.0,-1.0,-1.0,-1.0,0.152355,-1.0,-1.0,0.048095,-1.0,0.21560414285714286
2023-11-15,382.9932556152344,-1.0,-0.1306845,0.038989,0.1500718888888889,-1.0,-1.0,0.133132,0.08841450000000001,0.285702,-1.0,0.118059,-1.0,-1.0,0.082859,-0.09627933333333334,0.24466739999999998,0.413174,-1.0,0.21331699999999998,-1.0,0.014604,-1.0,-1.0,0.117406,-1.0,0.326655,-1.0,-1.0,-1.0,-1.0,-1.0,-1.0,-1.0,-1.0,-1.0,-1.0,-1.0,-1.0,0.23911145454545454
2023-11-16,383.32098388671875,-1.0,-0.0915965,-1.0,0.14816016666666668,0.02221200000000001,-1.0,-0.133631,0.064649,0.2779785,-0.004912,-1.0,-1.0,-1.0,-0.09289675,-0.084409,0.16731659999999998,0.314726,-1.0,0.13684549999999998,-1.0,-0.212299,-1.0,-1.0,0.20281933333333335,-1.0,0.113543,-1.0,-0.127638,0.030906,-1.0,-1.0,-1.0,-1.0,0.038256,-1.0,-1.0,-1.0,0.166965,0.419616
2023-11-17,383.4103698730469,-1.0,-0.11454366666666667,0.124569,0.1486924,0.119353,-1.0,-0.018836666666666658,-0.11628549999999999,0.21205,-1.0,-1.0,-1.0,-1.0,0.043907,0.041109,0.353676,-1.0,-1.0,0.11315233333333334,-1.0,0.284451,-1.0,-1.0,0.1941774,-1.0,0.30076214285714287,-1.0,-0.007331,-1.0,-1.0,-1.0,-1.0,-1.0,0.104173,0.221157,-1.0,-1.0,-1.0,0.271255
2023-11-20,388.078369140625,-1.0,0.118468,0.002466,0.221888625,0.0560605,-1.0,0.097142,-0.066673,0.396168,-1.0,0.0736195,-1.0,-1.0,0.1092214,-0.079482,0.1885604,-0.119696,-1.0,0.222594,-1.0,-1.0,-1.0,-1.0,0.24879433333333334,-1.0,0.224719,-1.0,0.14489,-1.0,-1.0,-1.0,0.052418,-1.0,0.038377,-1.0,-1.0,-1.0,0.10945749999999999,0.204225
2023-11-21,385.8238220214844,-1.0,0.057585,0.122367,0.17799513333333333,-1.0,-1.0,0.108622,0.052891999999999995,0.328803,0.117143,0.133934,-1.0,-1.0,0.099978,-1.0,0.29491775,-1.0,-1.0,0.16557300000000003,-1.0,-1.0,-1.0,-1.0,0.17675675,-1.0,0.308673,-1.0,-1.0,-1.0,-1.0,-1.0,-1.0,-1.0,-1.0,-1.0,-1.0,-1.0,-1.0,0.215576
2023-11-22,387.40301513671875,-1.0,0.054135333333333334,-1.0,0.16817892857142858,0.03819033333333333,-1.0,0.081467,0.014492333333333334,-1.0,-1.0,-1.0,-1.0,-1.0,0.249607,-1.0,0.2096048,0.108633,-1.0,0.1209975,0.144421,-1.0,-1.0,-1.0,0.247254,-1.0,0.11968200000000001,-1.0,0.056979,-1.0,-1.0,-1.0,-1.0,0.119225,-1.0,0.191527,0.002398,-1.0,-1.0,0.332095
2023-11-24,386.85675048828125,-1.0,-0.024195499999999995,-1.0,0.14672764285714288,0.37825,-1.0,-1.0,-0.0819095,-1.0,0.18791,0.1477495,-1.0,-1.0,0.1620875,-0.238392,0.375399,0.154417,-1.0,0.11079233333333334,-1.0,-1.0,-1.0,-1.0,0.26767633333333335,-1.0,0.25677581818181816,-1.0,-1.0,-1.0,-1.0,-1.0,-1.0,-1.0,0.053851,-1.0,-1.0,-1.0,-1.0,0.31328449999999997
2023-11-27,386.5190734863281,-1.0,-1.0,-1.0,0.22480307142857142,-0.09435,-1.0,0.164164,0.13609566666666664,0.315098,-1.0,-0.09502,-1.0,-1.0,0.20565199999999997,0.01759,0.2624495,-1.0,-1.0,0.18347799999999997,0.215551,-0.103203,-1.0,-1.0,0.119699,-1.0,0.331819,-1.0,0.06510300000000001,-1.0,-1.0,-1.0,-1.0,-1.0,-0.138619,-1.0,-1.0,-1.0,-1.0,0.2030891111111111
2023-11-28,387.5321044921875,-1.0,0.055144,0.29857849999999997,0.2253229230769231,0.227714,-1.0,-1.0,0.16684,0.326601,0.181723,0.387669,-1.0,-1.0,0.263462,0.135021,0.23150949999999998,0.290599,-1.0,0.16897974999999998,-1.0,0.19498333333333337,-1.0,-1.0,0.115423,-1.0,0.029115,-1.0,0.050863,-1.0,-1.0,-1.0,0.189348,-1.0,-1.0,-1.0,-1.0,-1.0,-1.0,0.23250125
2023-11-29,387.1546630859375,-1.0,-1.0,-0.28014,0.0965845,0.076668,-1.0,0.146343,-0.005635666666666664,0.23837,0.055578499999999996,-1.0,-1.0,-1.0,0.08438525,-0.14833533333333335,-1.0,0.212651,-1.0,0.16309014285714288,-1.0,-1.0,-1.0,-1.0,0.442361,-1.0,0.281329,-1.0,-0.0224205,-1.0,-1.0,-1.0,-1.0,-1.0,-1.0,-1.0,-1.0,0.043898,-1.0,0.1874448333333333
2023-11-30,386.1813659667969,-1.0,-0.26455300000000004,-1.0,0.28028115789473684,0.096496,-1.0,0.221122,-0.08995700000000001,-1.0,-1.0,-1.0,-1.0,-1.0,0.267263,0.219074,0.360632,0.253795,-1.0,0.041175,-1.0,0.1113105,-1.0,-1.0,0.395277,-1.0,0.301895,-1.0,-1.0,-1.0,-1.0,-1.0,-1.0,-1.0,-1.0,-1.0,-1.0,-0.090628,-1.0,0.1722872857142857
2023-12-01,387.2838134765625,-1.0,0.024542,-1.0,0.126256875,0.037853,-1.0,-0.00488,-0.14149371428571428,0.364171,-1.0,0.321454,-1.0,-1.0,0.19176300000000002,-0.063507,0.2856495,0.221669,-1.0,0.10616766666666666,-1.0,-1.0,-1.0,-1.0,0.29884383333333336,-1.0,0.17578766666666668,-1.0,0.22271,-1.0,-1.0,-1.0,-0.048035,-1.0,0.264966,0.199255,0.148819,-1.0,-1.0,0.198533
2023-12-04,383.6884765625,-1.0,-0.180635,-0.137691,0.1823461875,-1.0,-1.0,0.1943055,-0.259644,0.366676,-1.0,-1.0,-1.0,-1.0,0.19495500000000002,0.113772,0.21871933333333335,-1.0,-1.0,0.11682699999999999,0.404775,0.100331,-1.0,-1.0,-0.06088199999999999,-1.0,0.2925234,-1.0,-0.019136,-1.0,-1.0,-1.0,-1.0,-1.0,-1.0,-1.0,-1.0,-1.0,-1.0,0.21876016666666667
2023-12-05,384.65185546875,-1.0,-0.178877,0.271347,0.20766154545454543,-0.042188,-1.0,0.113125,-0.336191,0.23655,0.167047,-1.0,-1.0,-1.0,0.16068949999999999,-1.0,0.155188,-1.0,-1.0,0.156272,-1.0,0.174056,-1.0,-1.0,0.2628285,-1.0,0.317659,0.191717,-1.0,-1.0,-1.0,-1.0,-1.0,-1.0,-1.0,-1.0,-1.0,-1.0,-1.0,0.188755375
2023-12-06,382.4271240234375,-1.0,-0.133674,-1.0,0.24032128571428574,0.128686,-1.0,0.142344,-0.02904,0.341414,-1.0,0.17263699999999998,-1.0,-1.0,0.163178,-0.084175,0.24715683333333335,-1.0,-1.0,0.029197,-1.0,0.178417,-1.0,-1.0,-0.007243,-1.0,-1.0,-1.0,0.030906,-1.0,-1.0,-1.0,0.205611,0.031693,-1.0,-1.0,-1.0,-1.0,-1.0,0.15619588888888888
2023-12-07,387.7705078125,-1.0,0.023382,-0.508424,0.18191369565217388,0.088003,-1.0,0.242398,-1.0,-1.0,0.128137,-1.0,-1.0,-1.0,0.169672,0.19641,0.268497,-1.0,-1.0,0.095779,-1.0,-1.0,-1.0,-1.0,0.241734,-1.0,0.2849578333333333,-1.0,-1.0,-1.0,-1.0,-1.0,-1.0,-0.011989,-1.0,-1.0,-1.0,-1.0,-1.0,0.20827900000000002
2023-12-08,389.4986572265625,-1.0,0.024161,-1.0,0.11471466666666667,0.169553,-1.0,0.160094,-0.02924525,0.178457,-1.0,-1.0,-1.0,-1.0,0.16428275,-1.0,0.224621,-1.0,-1.0,0.09442400000000001,-1.0,-1.0,-1.0,-1.0,0.24714245454545455,-1.0,0.2463295,-1.0,0.021132,-1.0,-1.0,-1.0,-1.0,-1.0,-1.0,0.209456,0.194486,-1.0,-1.0,0.2344854285714286
2023-12-11,392.8257751464844,-1.0,0.104196,-1.0,0.16609346666666666,0.18229,-1.0,0.074654,-0.021705000000000002,0.597594,-1.0,0.20198733333333332,-1.0,-1.0,0.011092500000000002,-1.0,0.1272296,0.295546,-1.0,0.146548,-1.0,0.1178905,-1.0,-1.0,-1.0,-1.0,-1.0,-1.0,0.073725,-1.0,-1.0,-1.0,-1.0,0.125248,-1.0,-1.0,-1.0,-1.0,-0.032044,0.21781099999999998
2023-12-12,395.954345703125,-1.0,-0.014115,-1.0,0.1979155,0.015344500000000011,-1.0,0.286587,0.10823475,0.4370855,-1.0,-1.0,-1.0,-1.0,0.1716655,-1.0,0.27027275,0.284552,-1.0,0.022373499999999998,0.002432,-0.064343,-1.0,-1.0,0.33598,-1.0,0.24440066666666668,0.135176,-1.0,-1.0,-1.0,-1.0,0.036557,-1.0,-1.0,-1.0,-1.0,-1.0,-1.0,0.23770966666666668
2023-12-13,400.9898376464844,-1.0,-1.0,-1.0,0.18124354545454546,-0.01202075000000001,-1.0,0.027293,0.0731245,0.231209,-1.0,0.053519,-1.0,-1.0,0.0285025,-0.012378,0.3157655,0.081608,-1.0,0.016808,0.33075,-1.0,-1.0,-1.0,0.23435650000000002,-1.0,0.311741,-1.0,-1.0,-1.0,-1.0,-1.0,0.083825,-1.0,0.108591,-1.0,-1.0,-1.0,-1.0,0.18727442857142856
2023-12-14,400.6422424316406,-1.0,-1.0,-1.0,0.16555714285714287,0.16406,-1.0,0.2453535,0.0945198,0.262498,-1.0,0.299531,-1.0,-1.0,0.076574,-0.254988,0.27842133333333335,-1.0,-1.0,0.2266665,-1.0,0.11880125,-1.0,-1.0,-1.0,-1.0,0.3536182,-1.0,-1.0,-1.0,-1.0,-1.0,-1.0,-1.0,-1.0,-1.0,-1.0,-1.0,-1.0,0.2049764
2023-12-15,402.5788879394531,-1.0,-1.0,-1.0,0.0332041,0.0007287500000000002,-1.0,-1.0,-0.199371,-1.0,-1.0,0.1326415,-1.0,-1.0,-0.0071325,0.026629,0.1408085,0.225883,-1.0,0.194034,-1.0,0.257217,-1.0,-1.0,0.2362337777777778,-1.0,0.25965533333333335,-1.0,-1.0,-1.0,-1.0,-1.0,-1.0,-1.0,0.080216,-1.0,-1.0,-1.0,-0.447018,0.21173083333333334
2023-12-18,405.1145935058594,-1.0,-1.0,-0.004720333333333326,0.19406693333333333,0.103915,-1.0,0.033846,0.08216033333333334,0.303909,-1.0,-1.0,-1.0,-1.0,0.10413433333333334,-0.131937,0.2480128888888889,-1.0,-1.0,-1.0,0.187625,-1.0,-1.0,-1.0,0.293076,-1.0,0.418079,-1.0,-1.0,-1.0,-1.0,-1.0,-1.0,-1.0,0.25356,-1.0,-1.0,-1.0,-1.0,0.1905891111111111
2023-12-19,407.1846008300781,-1.0,-1.0,-1.0,0.18280635714285715,-1.0,-1.0,0.249974,-0.059794,-1.0,0.210541,-1.0,-1.0,-1.0,0.23866716666666665,-0.147786,0.18271366666666666,0.211928,-1.0,0.169878,0.222185,0.115361,-1.0,-1.0,-1.0,-1.0,0.1417125,-1.0,-1.0,-1.0,-1.0,-1.0,-1.0,-1.0,-1.0,-1.0,-1.0,-1.0,-1.0,0.22269107142857145
2023-12-20,401.1339111328125,0.122418,-1.0,-1.0,0.23731553846153847,-1.0,-1.0,0.137561,0.119007,0.23039749999999998,0.016885,0.26862,-1.0,-1.0,0.18276928571428572,0.014496,0.17057275,-1.0,-1.0,-0.062668,0.036691,-1.0,-1.0,-1.0,-0.050654000000000005,-1.0,0.2667542,-1.0,-1.0,-1.0,-1.0,-1.0,-1.0,-1.0,-1.0,-1.0,-1.0,-1.0,-1.0,0.15711428571428573
2023-12-21,405.8013000488281,-1.0,-1.0,-1.0,0.1543468888888889,0.14903349999999999,-1.0,0.159324,0.031955000000000004,0.179174,-0.279585,-1.0,-1.0,-1.0,0.140973,0.04361,0.224603,-1.0,-1.0,0.1352852,0.304049,0.1049845,-1.0,-1.0,0.233179,-1.0,0.23649733333333334,-1.0,-1.0,-1.0,-1.0,-1.0,-1.0,-1.0,0.152956,-1.0,-1.0,-1.0,-1.0,0.21353966666666666
2023-12-22,406.4083251953125,-1.0,-1.0,0.413111,0.18350869230769232,0.13320866666666667,-1.0,-1.0,-0.208024,-1.0,0.250053,-1.0,-1.0,-1.0,0.02149325,0.200247,0.23970514285714284,-1.0,-1.0,0.117051,-1.0,0.197727,-1.0,-1.0,0.21418233333333334,-1.0,0.444951,-1.0,-1.0,-1.0,-1.0,0.2355395,0.15421,-1.0,-1.0,-1.0,-1.0,-1.0,-1.0,0.21517133333333333
2023-12-26,408.8962707519531,-1.0,-0.027229500000000004,-1.0,0.16635771428571428,-0.1202125,-1.0,-1.0,-1.0,-1.0,0.210014,0.2832475,-1.0,-1.0,-1.0,0.402499,0.1826084285714286,0.243313,-1.0,0.212152,-1.0,-1.0,-1.0,-1.0,-0.032812999999999995,-1.0,0.14309799999999998,0.219285,-1.0,0.038145,-1.0,-1.0,-1.0,-1.0,0.062205,-1.0,-1.0,-1.0,-1.0,0.23076950000000002
2023-12-27,409.7286682128906,-1.0,0.009722499999999995,-1.0,0.1849838,0.17808600000000002,-1.0,-1.0,-0.0537635,0.220367,-0.118942,-1.0,-1.0,-1.0,0.1467945,-0.010293000000000004,0.1992156,0.12558,-1.0,0.130095,0.188216,-1.0,-1.0,-1.0,0.22235249999999998,-1.0,0.14613266666666666,-1.0,-1.0,-1.0,-1.0,-1.0,-1.0,-1.0,0.119726,-1.0,-1.0,-1.0,-1.0,0.22168858333333333
2023-12-28,409.5295104980469,-1.0,-0.086765,-1.0,0.20246599999999998,-0.119031,-1.0,-0.05592,-0.1661115,-1.0,-1.0,0.104017,-1.0,-1.0,0.132281,-0.025873,0.20666725000000002,-1.0,-1.0,0.075206,-1.0,0.1170475,-1.0,-1.0,-1.0,-1.0,0.09449083333333334,-1.0,-1.0,-1.0,-1.0,-1.0,0.033472,-1.0,-1.0,-1.0,-1.0,-1.0,-1.0,0.20773129411764707
2023-12-29,407.7571716308594,-1.0,-1.0,-1.0,0.1781343,0.024208,-1.0,0.211509,0.172759,-1.0,0.056587,-1.0,-1.0,-1.0,0.1730646,-0.038064,0.23260871428571428,-1.0,-1.0,0.36184,0.302385,-1.0,-1.0,-1.0,0.338856,-1.0,0.2964586,-1.0,-1.0,-1.0,-1.0,-1.0,-1.0,-1.0,0.498732,-1.0,-1.0,-1.0,-1.0,0.17142377777777776
2024-01-02,400.85699462890625,-1.0,-0.079498,-0.115749,0.16420586666666667,-0.036229,-1.0,0.203706,0.384403,-1.0,-1.0,0.17322,-1.0,-1.0,0.13201666666666664,-1.0,0.28811359999999997,0.259449,-1.0,0.0584,0.184876,0.112546,-1.0,-1.0,0.0887815,-1.0,0.220924,-1.0,-1.0,-1.0,-1.0,-1.0,-1.0,-1.0,-1.0,-1.0,-1.0,-1.0,-1.0,0.17377314285714288
2024-01-03,396.6153564453125,-1.0,0.0444104,-1.0,0.1770592857142857,0.17059,-1.0,0.328645,-0.23062266666666667,-1.0,0.201766,-1.0,-1.0,-1.0,0.113164,0.1006505,0.2134082,-1.0,-1.0,-0.036382,0.198571,-0.181243,-1.0,-1.0,0.20027999999999999,-1.0,-1.0,-1.0,-1.0,0.041135,-1.0,-1.0,0.211134,-1.0,0.098434,-1.0,-1.0,-1.0,-1.0,0.1678338
2024-01-04,394.5741882324219,-1.0,-1.0,-1.0,0.16954991666666666,0.1312575,-1.0,0.14331466666666667,-1.0,0.264187,0.078786,-1.0,-1.0,-1.0,0.171451,-1.0,0.171096,-1.0,-1.0,0.11677399999999999,-1.0,0.276334,-1.0,-1.0,0.26422,-1.0,0.154192,-1.0,-1.0,-1.0,-1.0,-1.0,-1.0,-1.0,-1.0,-1.0,-1.0,-1.0,-1.0,0.17059476470588233
2024-01-05,395.04217529296875,-1.0,-0.019196,0.127924,0.14860985714285715,-0.095287,-1.0,0.113066,-0.313901,-1.0,-1.0,-1.0,-1.0,-1.0,0.312548,-1.0,0.15858233333333335,-1.0,-1.0,0.1157715,-1.0,0.133281,-1.0,-1.0,0.155567,-1.0,0.2341719090909091,-1.0,-1.0,-1.0,-1.0,-1.0,-1.0,-1.0,-1.0,-1.0,-1.0,-1.0,0.290045,0.22919636363636364
2024-01-08,403.2068786621094,0.216298,-0.117542,-1.0,0.18423894736842106,-1.0,-1.0,0.11650450000000001,-0.240804,-1.0,0.257824,-1.0,-1.0,-1.0,0.12879933333333335,-1.0,0.2093575,0.134468,-1.0,0.175393,-1.0,0.18775,-1.0,-1.0,0.30067299999999997,-1.0,0.2311645,-1.0,-1.0,-1.0,-1.0,-1.0,-1.0,-1.0,0.202876,-1.0,-1.0,-1.0,0.38899,0.20800166666666667
2024-01-09,404.00341796875,-1.0,-0.272115,-1.0,0.134209,0.082152,-1.0,0.13856433333333334,-1.0,-1.0,-1.0,-1.0,-1.0,0.261179,0.315274,-1.0,-1.0,-1.0,-1.0,-1.0,-1.0,0.331241,-1.0,-1.0,0.22209,-1.0,0.147269,-1.0,-1.0,-1.0,-1.0,-1.0,0.097999,-1.0,-1.0,-1.0,-1.0,-1.0,-1.0,0.2439739142857143
2024-01-10,406.7416076660156,-1.0,-0.136906,-1.0,0.10974744444444445,0.10388275,-1.0,-1.0,-0.036871666666666664,0.376552,-1.0,-1.0,-1.0,-1.0,0.2658255,-1.0,0.144205,0.215024,-1.0,0.03932050000000001,0.196673,-1.0,-1.0,-1.0,0.278377,-1.0,0.232672,-1.0,-1.0,0.271149,-1.0,-1.0,-1.0,-1.0,-1.0,-1.0,-1.0,-1.0,-1.0,0.20779347368421053
2024-01-11,407.58795166015625,-1.0,0.18094700000000002,-1.0,0.1083738888888889,-0.015921000000000005,-1.0,0.079004,0.019351,-1.0,-1.0,0.126313,-1.0,-1.0,0.397341,-0.0893715,0.17320333333333335,0.259449,-1.0,0.160287,-1.0,0.084413,-1.0,-1.0,0.2086735,-1.0,0.319583,-1.0,-1.0,-1.0,-1.0,-1.0,-1.0,-1.0,-1.0,-1.0,-1.0,-1.0,0.110523,0.17938578571428573
2024-01-12,407.7970275878906,-1.0,-0.1957395,0.233581,0.1414108,-1.0,-1.0,0.126889,-1.0,-1.0,-1.0,-1.0,-1.0,-1.0,0.1335853,0.035208,0.038139,-1.0,-1.0,0.10410050000000001,-1.0,0.044471,-1.0,-1.0,0.19625,-1.0,0.373366,-1.0,-1.0,-1.0,-1.0,-1.0,-1.0,0.112291,0.194678,-1.0,-1.0,-1.0,-1.0,0.21109273333333334
2024-01-16,407.7571716308594,-1.0,0.143518,-1.0,0.1539309,0.1010075,-1.0,0.095426,0.180651,-1.0,-1.0,-1.0,-1.0,0.162308,0.12515725,-1.0,0.13253325,-1.0,-1.0,0.2372726,-1.0,0.132202,-1.0,-1.0,-1.0,-1.0,0.244256,-1.0,-1.0,-1.0,-1.0,-1.0,-1.0,-1.0,-1.0,-1.0,-1.0,-0.049078,-1.0,0.1568855
2024-01-17,405.4571228027344,-1.0,-0.11654900000000001,-1.0,0.21877327272727276,0.440766,-1.0,0.174624,0.09842283333333333,-1.0,-0.03593,-1.0,-1.0,-1.0,0.116921,0.305869,0.35479533333333335,-1.0,-1.0,0.09884699999999999,-1.0,0.210541,-1.0,-1.0,0.021561,-1.0,0.2281,-1.0,-1.0,-1.0,-1.0,-1.0,-1.0,0.193691,-1.0,-1.0,-1.0,-1.0,-1.0,0.19411373333333334
2024-01-18,411.2122497558594,-1.0,0.030696666666666667,-1.0,0.15507100000000001,0.152564,-1.0,-0.0500005,0.31394,0.601211,-1.0,0.22998700000000002,-1.0,-1.0,0.13616466666666668,-1.0,0.255262,0.252976,-1.0,0.024408,-1.0,0.325386,-1.0,-1.0,0.375336,-1.0,-1.0,-1.0,-1.0,0.137477,-1.0,-1.0,0.039184,-1.0,-1.0,-1.0,-1.0,-1.0,-1.0,0.19177516666666666
2024-01-19,419.36700439453125,-1.0,-0.06275499999999999,-1.0,0.26390625,0.040148249999999996,-1.0,0.12395099999999999,0.02156575,0.641015,-1.0,-1.0,-1.0,-1.0,0.1630312,-0.253635,0.038139,-1.0,-1.0,0.1024385,0.249106,-0.064711,-1.0,-1.0,0.2657805,-1.0,0.1967546,-1.0,-1.0,-1.0,-1.0,-1.0,-1.0,-1.0,-1.0,-1.0,0.240123,-1.0,-1.0,0.19400935714285714
2024-01-22,419.9146423339844,-1.0,-0.146446,-1.0,0.18508122222222223,0.066988,-1.0,-1.0,0.156991,0.373914,0.228673,0.032713500000000006,-1.0,-1.0,0.112477,-1.0,0.244336,-1.0,-1.0,0.156298,-1.0,0.21660175,-1.0,-1.0,0.296455,-1.0,0.298785,-1.0,-1.0,-1.0,-1.0,-1.0,-1.0,-1.0,-1.0,-1.0,-1.0,0.2123105,-1.0,0.22139438888888888
2024-01-23,421.6571044921875,-1.0,-1.0,-1.0,0.12761314285714284,0.151557,-1.0,-1.0,0.11595720000000001,-1.0,-1.0,-0.058463,-1.0,-1.0,0.17546040000000002,-1.0,-1.0,-1.0,-1.0,0.284646,-1.0,0.24259699999999998,-1.0,-1.0,0.1723325,-1.0,0.262185,-1.0,-1.0,-0.004756,-1.0,-1.0,-1.0,-1.0,0.14007,-1.0,-1.0,-1.0,-1.0,0.19972779999999998
2024-01-24,423.9969787597656,-1.0,-0.05415066666666667,-1.0,0.285058,-0.016631999999999994,-1.0,-1.0,-0.148398,-1.0,-1.0,0.16945949999999999,-1.0,-1.0,0.13663975,-1.0,0.289204,-1.0,-1.0,0.184759,-1.0,0.169056,-1.0,-1.0,0.30074,-1.0,0.170441,-1.0,-1.0,-1.0,-1.0,-1.0,-0.140166,-0.024138,-0.051354,-1.0,-1.0,-1.0,-1.0,0.18830618181818182
2024-01-25,424.5147399902344,-1.0,-0.032878,-1.0,0.16565016666666668,-1.0,-1.0,-0.031133,0.08927533333333333,-1.0,-1.0,-1.0,-1.0,-1.0,0.28031066666666665,-1.0,-1.0,-1.0,-1.0,0.01945,-1.0,0.2474,-1.0,-1.0,0.28486666666666666,-1.0,0.346908,-1.0,-1.0,-1.0,-1.0,-1.0,-1.0,-1.0,0.20328,-1.0,-1.0,-1.0,-1.0,0.19452848
2024-01-26,421.9856872558594,-1.0,-0.04369,-1.0,0.146590625,-1.0,-1.0,0.072271,-0.018009333333333332,0.32213,-0.02646,-1.0,-1.0,-1.0,0.0913195,0.093108,0.110266,0.197,-1.0,0.131189,0.134072,0.050212,-1.0,-1.0,0.318606,-1.0,0.050148,-1.0,-1.0,0.140541,-1.0,-1.0,-1.0,-1.0,-1.0,-1.0,-1.0,-1.0,-1.0,0.1785254375
2024-01-29,426.3070068359375,-1.0,-1.0,-1.0,0.207615,-1.0,-1.0,-1.0,-0.04285525,0.24722,-1.0,-1.0,-1.0,-1.0,0.24522850000000002,-1.0,0.22808666666666666,0.233672,-1.0,0.191332,-1.0,0.162102,-1.0,-1.0,0.274803,-1.0,0.285354,-1.0,-1.0,-1.0,-1.0,-1.0,-1.0,-1.0,-1.0,-1.0,-1.0,-1.0,-1.0,0.20561704761904762
2024-01-30,423.46929931640625,0.067095,0.0818075,-1.0,0.11763533333333333,0.054095500000000005,-1.0,-1.0,-0.2095435,-1.0,-1.0,-1.0,-1.0,-1.0,0.1004135,0.164054,0.24123533333333333,-1.0,-1.0,-0.089,-1.0,-1.0,-1.0,-1.0,0.2086785,-1.0,-1.0,-1.0,-1.0,-1.0,-1.0,-1.0,-1.0,-1.0,-1.0,-1.0,-1.0,-1.0,-1.0,0.1816185357142857
2024-01-31,415.1751403808594,-1.0,0.01298125,-1.0,0.2863664285714286,0.0443705,-1.0,0.007331,0.01977,-1.0,0.007225,-1.0,-1.0,-1.0,0.045710499999999994,-0.002426,0.23844999999999997,0.163863,-1.0,-0.041559,-1.0,0.1948665,-0.193145,-1.0,0.18589750000000002,-1.0,0.23091325000000001,-1.0,-1.0,-1.0,-1.0,-1.0,-1.0,0.164641,-1.0,-1.0,-1.0,-1.0,-1.0,0.18232121428571427
2024-02-01,420.06402587890625,-1.0,-1.0,0.3691045,0.1683946666666667,0.0855575,-1.0,0.209391,-0.0028859999999999997,-1.0,-1.0,-1.0,-1.0,-1.0,0.299502,-0.245242,-1.0,-1.0,-1.0,0.264019,-1.0,0.2263,-1.0,-1.0,0.265876,-1.0,-1.0,-1.0,-1.0,-1.0,-1.0,-1.0,0.1336,-1.0,-1.0,-1.0,-1.0,-1.0,-1.0,0.2041818181818182
2024-02-02,427.1632995605469,-1.0,0.242577,-1.0,0.2612546,0.06672633333333335,-1.0,-1.0,0.030370999999999995,-1.0,-1.0,-1.0,-1.0,-1.0,0.222656,-1.0,0.17969449999999998,0.314796,-1.0,0.10704949999999999,-1.0,0.230788,-1.0,-1.0,0.24019266666666664,-1.0,0.3198056666666667,-1.0,-1.0,-1.0,-1.0,-1.0,0.026559,-1.0,-1.0,-1.0,-1.0,-1.0,-1.0,0.22690704545454546
2024-02-05,426.605712890625,-1.0,-0.068006,-1.0,0.12438757142857144,0.20769400000000002,-1.0,-1.0,-1.0,-1.0,-1.0,0.15422249999999998,-1.0,-1.0,0.27583525,0.245203,0.149678,-1.0,-1.0,0.183023,-1.0,0.299526,-1.0,-1.0,0.342451,-1.0,0.328117,-1.0,-1.0,-1.0,-1.0,-1.0,-1.0,-1.0,-1.0,-1.0,-1.0,-1.0,-1.0,0.17273916666666667
2024-02-06,425.7494201660156,-1.0,0.0938615,-1.0,0.17063833333333334,0.05858,-1.0,0.12531,-0.205149,-1.0,-1.0,-1.0,-1.0,-1.0,0.04667349999999999,0.142583,0.2253945,-1.0,-1.0,-1.0,-1.0,-1.0,-1.0,-1.0,0.369812,-1.0,0.2978635,-1.0,-1.0,-1.0,-1.0,-1.0,0.216882,-1.0,0.381352,-1.0,-1.0,-1.0,-1.0,0.18118789285714287
2024-02-07,430.1304626464844,-1.0,-0.212851,-1.0,0.20264237499999999,0.002443,-1.0,-0.092521,0.077471,-1.0,0.121551,0.279528,-1.0,-1.0,0.159409,-1.0,0.184358,-1.0,-1.0,0.139276,-1.0,0.108142,-1.0,-1.0,0.209129,-1.0,0.3600485,-1.0,-1.0,-1.0,-1.0,-1.0,-1.0,-1.0,-1.0,-1.0,-1.0,-1.0,-1.0,0.17610492307692308
2024-02-08,430.92706298828125,-1.0,-0.071424,-1.0,0.20842981818181816,0.279335,-1.0,-0.067636,-1.0,0.210275,-1.0,-1.0,-1.0,-1.0,-0.011126666666666655,0.264331,0.360009,0.211792,-1.0,-1.0,-1.0,0.1559246,-1.0,-1.0,-1.0,-1.0,0.22531900000000002,-1.0,-1.0,-1.0,-1.0,-1.0,-1.0,-1.0,-1.0,-1.0,-1.0,-1.0,-1.0,0.17981538888888887
2024-02-09,435.1686706542969,-1.0,-0.003983500000000001,-1.0,0.17499425000000002,0.090298,-1.0,0.183369,-0.171847,-1.0,0.038407,-1.0,-1.0,-1.0,0.057682,0.1034805,0.18945766666666666,-1.0,-1.0,0.17003174999999998,-1.0,0.257967,-1.0,-1.0,0.225541,-1.0,0.2755286666666667,-1.0,-1.0,-1.0,-1.0,-1.0,-1.0,-1.0,-1.0,-1.0,0.183671,0.237123,-1.0,0.1698664
2024-02-12,433.4660339355469,-1.0,-1.0,-1.0,0.2693207142857143,-1.0,-1.0,-1.0,-0.039264,0.454128,0.325791,-1.0,-1.0,-1.0,0.0661,-1.0,0.152993,-1.0,-1.0,0.17108375,-1.0,0.1709735,-1.0,-1.0,0.333518,-1.0,0.094159,-1.0,-1.0,-1.0,-1.0,-1.0,-1.0,-1.0,0.069078,-1.0,-1.0,-1.0,-1.0,0.17684055
2024-02-13,426.70526123046875,-1.0,-0.04276,-1.0,0.22238915384615388,0.01468133333333333,-1.0,-0.043837,-0.1341805,0.43929,-1.0,-0.036873,-1.0,-1.0,0.08476933333333332,-1.0,0.208975,-1.0,-1.0,0.04388533333333333,-1.0,0.09861349999999999,-1.0,-1.0,0.1259455,-1.0,0.415486,-1.0,-1.0,0.009726,-1.0,-1.0,-1.0,-1.0,-1.0,-1.0,-1.0,-1.0,-1.0,0.176696
2024-02-14,431.3551940917969,-1.0,0.01627733333333333,-1.0,0.14945239999999999,0.219216,-1.0,0.274,-0.016469666666666667,0.25347,0.173228,0.4202,-1.0,-1.0,0.234315,-1.0,0.282792,-1.0,-1.0,-1.0,-1.0,0.31619725000000004,-1.0,-1.0,0.281511,-1.0,-1.0,-1.0,-1.0,-1.0,-1.0,-1.0,-1.0,-1.0,0.033229,-1.0,-1.0,-1.0,-1.0,0.1597624736842105
2024-02-15,432.6396484375,-1.0,-0.135974,-1.0,0.16333433333333333,0.162597,-1.0,0.325678,-0.211682,-1.0,0.388376,-1.0,-1.0,-1.0,0.253664,0.293478,0.18265666666666666,-1.0,-1.0,-1.0,-1.0,-0.126282,-1.0,-1.0,0.39221,-1.0,0.123614,-1.0,-1.0,0.099513,-1.0,-1.0,-1.0,-1.0,0.173152,-1.0,-1.0,-1.0,-1.0,0.19177211111111112
2024-02-16,428.7165832519531,-1.0,0.136661,0.0687025,0.11582645454545455,0.329964,-1.0,-1.0,-0.0806582,-1.0,0.236126,-1.0,-1.0,-1.0,0.1404455,0.22954,0.164575,-1.0,-1.0,0.1542675,-1.0,-1.0,-1.0,-1.0,0.2785473333333333,-1.0,0.12143742857142857,-1.0,-1.0,0.241146,-1.0,-1.0,0.054258,-0.262246,-1.0,-1.0,-1.0,-1.0,-1.0,0.1700575
2024-02-20,425.4805908203125,-1.0,-1.0,-1.0,0.215242625,0.20208,-1.0,0.2485535,0.0486855,0.174438,-1.0,-1.0,-1.0,0.212791,0.320477,0.12889099999999998,0.1153915,-1.0,-1.0,0.021965,-1.0,0.052292,-1.0,-1.0,0.322297,-1.0,0.486966,-1.0,-1.0,-1.0,-1.0,-1.0,-1.0,-1.0,-1.0,-1.0,-1.0,-1.0,-1.0,0.14243784615384616
2024-02-21,423.7779235839844,-1.0,-0.0246546,-1.0,0.11024911111111112,0.343964,-1.0,-1.0,0.19105149999999999,-1.0,-1.0,0.2755295,-1.0,-1.0,0.22715466666666664,-1.0,0.08223733333333333,-1.0,-1.0,0.065912,-1.0,0.094984,-1.0,-1.0,0.006324000000000003,-1.0,0.249651,-1.0,-1.0,-1.0,-1.0,-1.0,-1.0,-1.0,0.203939,-1.0,-1.0,-1.0,-1.0,0.15849678947368423
2024-02-22,436.1842956542969,-1.0,0.035148499999999985,-1.0,0.1475375,0.08289250000000001,-1.0,0.162002,-0.028649833333333336,0.18768,-1.0,0.00020950000000000135,-1.0,-1.0,-0.038597,-1.0,0.210377,-1.0,-1.0,0.164195,-1.0,0.029840500000000002,-1.0,-1.0,0.251653,-1.0,-1.0,-1.0,-1.0,-1.0,-1.0,-1.0,-1.0,-1.0,-1.0,-1.0,-1.0,-1.0,-1.0,0.1728331304347826
2024-02-23,434.89984130859375,-1.0,-0.116946,-1.0,0.0968291111111111,-0.029064,-1.0,0.278357,-0.260255,-1.0,0.041355,-1.0,-1.0,-1.0,0.0676224,-0.058567,0.038139,-1.0,-1.0,0.1327245,0.300659,0.024010999999999998,-1.0,-1.0,0.10458283333333333,-1.0,0.23002566666666668,-1.0,-1.0,-1.0,-1.0,-1.0,-1.0,-1.0,0.363732,-1.0,-1.0,-1.0,-1.0,0.1721395
2024-02-26,434.67083740234375,-1.0,-0.1591515,0.241326,0.12002133333333334,-0.150948,-1.0,0.14695249999999999,0.063585,-1.0,0.367951,0.2504065,-1.0,-1.0,0.18663266666666667,0.089945,0.21577499999999997,-1.0,-1.0,0.14325500000000002,-1.0,0.07462533333333334,-1.0,-1.0,-0.005337666666666667,-1.0,-1.0,-1.0,-1.0,-1.0,-1.0,-1.0,-0.089938,-1.0,-1.0,-1.0,-1.0,-1.0,-1.0,0.17308866666666667
2024-02-27,435.7163391113281,-1.0,-0.17743466666666666,-1.0,0.04907308333333333,0.139947,-1.0,0.2751405,-0.02412966666666667,-1.0,-1.0,0.093333,-1.0,-1.0,0.14094500000000001,-1.0,0.23175625,-1.0,-1.0,0.163746,-1.0,0.08382550000000001,-1.0,-1.0,0.213197,-1.0,-1.0,-1.0,-1.0,0.222801,-1.0,-1.0,-1.0,-1.0,-1.0,-1.0,-1.0,-1.0,-1.0,0.20395276470588236
2024-02-28,433.3963623046875,-1.0,-1.0,-1.0,0.30685425,0.016991,-1.0,0.193828,0.008618500000000001,-1.0,-1.0,-1.0,-1.0,-1.0,-0.025528333333333333,-1.0,0.215026,-1.0,-1.0,0.039082,-1.0,0.214567,-1.0,-1.0,0.151197,-1.0,-1.0,-1.0,-1.0,0.172517,-1.0,-1.0,0.050993,-1.0,-1.0,-1.0,-1.0,-1.0,-1.0,0.165382375
2024-02-29,437.11029052734375,-1.0,0.07235766666666667,-1.0,0.2113468,0.177324,-1.0,-0.169947,-0.029640999999999997,-1.0,-1.0,-1.0,-1.0,-1.0,-1.0,0.235362,0.27802566666666667,-1.0,-1.0,0.27401,-1.0,0.1614505,-1.0,-1.0,0.117096,-1.0,0.21087733333333333,-1.0,-1.0,-1.0,-1.0,-1.0,-1.0,-1.0,-1.0,-1.0,-1.0,0.24892,-1.0,0.169518
2024-03-01,443.69183349609375,-1.0,-0.177563,-1.0,0.1602288888888889,0.054993,-1.0,0.16018,0.0011746666666666618,-1.0,-1.0,0.211292,-1.0,-1.0,0.1053056,-0.230116,0.038142,0.094215,-1.0,0.18693466666666667,-1.0,0.232887,-1.0,-1.0,0.270078,-1.0,0.22251216666666665,-1.0,-1.0,-1.0,-1.0,-1.0,-1.0,-1.0,-1.0,-1.0,-1.0,-1.0,-1.0,0.19696125
2024-03-04,442.10870361328125,0.116093,-1.0,-1.0,0.159812,0.13614366666666666,-1.0,0.1542685,-0.10258,-1.0,0.103075,0.1924485,-1.0,-1.0,0.121952,0.00244,0.172252,0.157305,-1.0,0.412918,-1.0,0.1208604,-1.0,-1.0,-0.02416099999999999,-1.0,0.651238,-1.0,-1.0,-1.0,-1.0,-1.0,-1.0,-1.0,-1.0,-1.0,-1.0,-1.0,-1.0,0.16195128571428571
2024-03-05,434.1729736328125,-0.241059,-0.2574395,-1.0,0.19112233333333337,-0.012098,-1.0,0.161036,0.084721,0.29429299999999997,0.033331,-1.0,-1.0,0.164179,0.3626125,-1.0,0.184738,0.197229,-1.0,0.072489,-1.0,0.055987,-1.0,-1.0,-0.01780849999999999,-1.0,0.411625,-1.0,-1.0,-1.0,-1.0,-1.0,-1.0,-1.0,0.135901,-1.0,-1.0,-1.0,-1.0,0.17695349999999999
2024-03-06,436.9012145996094,-1.0,0.004277749999999997,-1.0,0.1345845,0.133989,-1.0,0.2723645,0.10106475,-1.0,-1.0,0.136705,-1.0,-1.0,-0.0749205,0.009608,0.182562,-1.0,-1.0,-1.0,-1.0,-1.0,-1.0,-1.0,0.317375,-1.0,0.393061,-1.0,-1.0,-1.0,-1.0,-1.0,-1.0,-1.0,-1.0,-1.0,-1.0,-1.0,-1.0,0.21160813333333334
2024-03-07,443.5325622558594,-1.0,-0.1492085,-1.0,0.13224075,0.0962665,-1.0,0.0393105,-0.063358,-1.0,-1.0,-1.0,-1.0,-1.0,-0.029921749999999997,0.020803999999999996,0.23377625,-1.0,-1.0,0.148073,-1.0,-1.0,-1.0,-1.0,0.306696,-1.0,-1.0,-1.0,-1.0,-0.134265,-1.0,-1.0,-1.0,-1.0,-1.0,-1.0,-1.0,-1.0,-1.0,0.19122068421052632
2024-03-08,437.13018798828125,-1.0,0.0750355,-1.0,0.10285525,-1.0,-1.0,0.0670055,-0.0024812000000000002,0.343423,-1.0,0.240587,-1.0,-1.0,0.15629857142857143,-1.0,0.17232900000000004,-1.0,-1.0,0.1292075,-1.0,-1.0,-1.0,-1.0,0.2725925,-1.0,0.10397999999999999,-1.0,-1.0,-1.0,-1.0,-1.0,-1.0,-1.0,0.179071,-1.0,-1.0,-1.0,-1.0,0.19670999999999997
2024-03-11,435.5072326660156,-1.0,-1.0,-1.0,0.1897735882352941,0.228874,-1.0,0.039147,-0.006490999999999997,0.4015385,-1.0,0.138052,-1.0,-1.0,0.09304033333333334,-0.116986,0.16780975,-1.0,-1.0,-1.0,-1.0,-1.0,-1.0,-1.0,0.002731666666666669,-1.0,-0.110117,-1.0,-1.0,-1.0,-1.0,-1.0,0.209703,-1.0,-1.0,-1.0,-1.0,-1.0,-1.0,0.17600675
2024-03-12,441.7502136230469,-1.0,0.09696300000000001,-1.0,0.18033616666666666,0.2236655,-1.0,0.099456,0.07544000000000001,-1.0,0.141568,-0.074504,-1.0,-1.0,0.114462,-1.0,0.24673975,0.253827,-1.0,0.137323,-1.0,-1.0,-1.0,-1.0,-1.0,-1.0,0.237027,-1.0,-1.0,-1.0,-1.0,0.277537,-0.036709,-1.0,-0.040265,-1.0,-1.0,0.121393,-1.0,0.2262373076923077
2024-03-13,438.35491943359375,-1.0,-0.02584266666666667,-1.0,0.17373275,0.120051,-1.0,0.021713,-0.016354666666666667,-1.0,0.119845,0.153989,-1.0,-1.0,0.2704958333333333,0.284804,0.232926,-1.0,-1.0,-1.0,-1.0,-1.0,-1.0,-1.0,-1.0,-1.0,0.34195200000000003,-1.0,-1.0,-1.0,-1.0,-1.0,-1.0,-1.0,0.014422999999999998,-1.0,-1.0,-1.0,-1.0,0.18792072222222223
2024-03-14,437.2497253417969,-1.0,-0.03658650000000001,-1.0,0.1762224,0.021810333333333338,-1.0,-1.0,-0.065051,-1.0,-1.0,-1.0,-1.0,-1.0,0.361196,-0.034068,-1.0,0.025877,-1.0,-1.0,-1.0,-1.0,-1.0,-1.0,0.452143,-1.0,0.35256533333333334,-1.0,-1.0,-1.0,-1.0,-1.0,-1.0,-1.0,-1.0,-1.0,-1.0,-1.0,-1.0,0.15962073684210526
2024-03-15,432.0522155761719,-1.0,0.09228675,0.343976,0.14648183333333334,-0.017873,-1.0,0.245391,0.04445875,-1.0,-1.0,-1.0,-1.0,-1.0,0.08582166666666667,-1.0,-1.0,-1.0,-1.0,-1.0,-1.0,-1.0,-1.0,-1.0,0.2888793333333333,-1.0,0.27399944444444446,-1.0,-1.0,-0.019107,-1.0,-1.0,-1.0,-1.0,-1.0,-1.0,-1.0,-1.0,-1.0,0.15298892307692308
2024-03-18,436.1728515625,-0.167084,-1.0,-1.0,0.1694098181818182,0.111022,-1.0,0.192982,-0.19806933333333332,0.311058,-1.0,-1.0,-1.0,-1.0,0.091024,0.088189,0.1002445,0.210541,-1.0,0.179234,-1.0,-1.0,-1.0,-1.0,0.302701,-1.0,0.200242,-1.0,-1.0,-1.0,-1.0,-1.0,-1.0,-1.0,-1.0,-1.0,-1.0,-1.0,-1.0,0.18048742857142858
2024-03-19,437.2595520019531,-1.0,0.05513,-1.0,0.208454625,0.147382,-1.0,0.164975,0.13205666666666666,0.191935,-1.0,0.25008,-1.0,0.32613,0.27004,0.36509,-1.0,-1.0,-1.0,-1.0,-1.0,-1.0,-1.0,-1.0,0.172636,-1.0,0.430554,-1.0,-1.0,0.043156,-1.0,-1.0,-1.0,-1.0,0.0508,-1.0,-1.0,-1.0,-1.0,0.20345025000000003
2024-03-20,442.4440002441406,-1.0,0.087978,-1.0,0.153943375,0.144272,-1.0,0.20338050000000002,0.12149399999999999,0.266814,-1.0,-1.0,-1.0,-1.0,0.0842411,-1.0,0.22036,-1.0,-1.0,-0.05381466666666668,-1.0,-1.0,-1.0,-1.0,-0.407858,-1.0,0.3236126666666667,-1.0,-1.0,0.093452,-1.0,-1.0,-1.0,-1.0,-1.0,-1.0,-1.0,-0.239454,-1.0,0.22858166666666668
2024-03-21,444.5377502441406,-1.0,-0.2210665,-1.0,0.16316560000000002,-1.0,-1.0,-1.0,0.010943333333333333,-1.0,0.243677,-1.0,-1.0,-1.0,0.16826342857142856,-1.0,0.118015,0.102256,-1.0,0.27193849999999997,-1.0,-1.0,-1.0,-1.0,0.1587985,-1.0,0.473962,-1.0,-1.0,-1.0,-1.0,-1.0,-1.0,-1.0,-1.0,-1.0,-1.0,-1.0,-1.0,0.2030522857142857
2024-03-22,445.0462341308594,0.165722,-1.0,-1.0,0.21904325,-1.0,-1.0,0.187822,0.09711499999999999,0.566328,-1.0,-1.0,-1.0,-1.0,0.09419033333333333,0.210172,0.20645566666666668,-1.0,-1.0,0.20347866666666667,-1.0,-1.0,-1.0,-1.0,0.2401515,-1.0,0.261650125,-1.0,-1.0,-1.0,-1.0,-1.0,-1.0,-1.0,-1.0,-1.0,-1.0,-1.0,-1.0,0.17671871428571428
2024-03-25,443.43109130859375,-1.0,-0.221232,-1.0,0.17673685714285714,0.0638295,-1.0,0.15306225,0.0289875,-1.0,-1.0,-1.0,-1.0,-1.0,0.1406825,-1.0,0.22468849999999999,0.182662,-1.0,-1.0,-1.0,-1.0,-1.0,-1.0,-0.054915000000000005,-1.0,0.2619843333333333,-1.0,-1.0,-1.0,-1.0,-1.0,-0.312823,0.074779,-1.0,-1.0,-1.0,0.112317,-1.0,0.1600964
2024-03-26,441.9953918457031,0.060618,0.0009864999999999995,-1.0,0.0478498,0.1061865,-1.0,0.156562,0.005758999999999999,0.319337,-1.0,-1.0,-1.0,-1.0,0.199858,-0.020762500000000003,0.223,0.2855625,-1.0,-1.0,-1.0,-1.0,-1.0,-1.0,0.172256,-1.0,0.09609,-1.0,-1.0,-1.0,-1.0,-1.0,-1.0,-1.0,-1.0,-1.0,-1.0,-1.0,-1.0,0.1794730588235294
2024-03-27,443.5008544921875,-0.060517,-0.320881,-1.0,0.2604462857142857,0.451159,-1.0,-0.05340099999999999,0.1061035,0.22884433333333334,-1.0,0.298273,-1.0,-1.0,0.28743575,0.294264,0.3280385,0.133117,-1.0,-1.0,-1.0,-1.0,-1.0,-1.0,0.26936133333333334,-1.0,0.22886266666666666,-1.0,-1.0,-1.0,-1.0,-1.0,-1.0,-1.0,-1.0,-1.0,-1.0,-1.0,-1.0,0.21889144444444444
2024-03-28,442.6833190917969,-1.0,-0.257638,-1.0,0.22090375,0.18873366666666666,-1.0,0.045933,0.06936325,-1.0,-1.0,-1.0,-1.0,-1.0,0.1604122,-1.0,0.21640371428571428,-1.0,-1.0,-1.0,-1.0,-1.0,-1.0,-1.0,0.275086,-1.0,0.2311222222222222,-1.0,-1.0,-1.0,-1.0,-1.0,-1.0,-1.0,-1.0,-1.0,-1.0,-1.0,-1.0,0.1647356
2024-04-01,443.6205139160156,0.051342,-1.0,-1.0,0.1395427,0.06116450000000001,-1.0,0.0130795,-0.053382,0.2698375,0.110906,-1.0,-1.0,-1.0,0.15705266666666665,-1.0,0.15976075,0.424198,-1.0,0.24369849999999998,-1.0,-1.0,-1.0,-1.0,0.14468233333333333,-1.0,0.274191,-1.0,-1.0,-1.0,-1.0,-1.0,-1.0,-1.0,-1.0,-1.0,-1.0,-1.0,-1.0,0.19152176923076925
2024-04-02,439.7919616699219,-1.0,-0.10342699999999999,-1.0,0.2510178181818182,0.319255,-1.0,-0.004218000000000009,0.021262,-1.0,-1.0,-1.0,-1.0,-1.0,0.0019129999999999998,-0.036232,0.1884025,0.261649,-1.0,-1.0,-1.0,-1.0,-1.0,-1.0,0.219511,-1.0,0.347662,-1.0,-1.0,-1.0,-1.0,-1.0,-1.0,-1.0,-1.0,-1.0,-1.0,-1.0,-1.0,0.17178105555555556
2024-04-03,440.7790222167969,-1.0,-0.180549,0.047712,0.18630476470588236,-0.109779,-1.0,0.007246,-0.2506625,0.14657,-1.0,-1.0,-1.0,0.1878785,0.07661033333333334,-1.0,0.1720875,-1.0,-1.0,0.082174,-1.0,-1.0,-1.0,-1.0,0.304816,-1.0,0.2150466666666667,-1.0,-1.0,-1.0,-1.0,-1.0,-1.0,-1.0,-1.0,-1.0,-1.0,-1.0,-1.0,0.19366675
2024-04-04,434.0392150878906,-1.0,0.236977,-1.0,0.2380932727272727,0.2986755,-1.0,0.220549,0.0041080000000000005,0.095722,0.170574,-1.0,-1.0,-1.0,0.14037866666666668,-0.0006475000000000092,0.2300295,-1.0,-1.0,-0.061026,-1.0,-1.0,-1.0,-1.0,0.19229333333333334,-1.0,0.065571,-1.0,-1.0,0.019363,-1.0,-1.0,-1.0,-1.0,-1.0,-1.0,-1.0,-1.0,-1.0,0.19477676923076923
2024-04-05,439.1539001464844,-1.0,-1.0,-0.033989,0.160384,0.10035,-1.0,0.209372,-0.07396333333333334,-1.0,0.099281,-1.0,-1.0,-1.0,0.126273,-1.0,0.038139,-1.0,-1.0,0.012136,-1.0,-1.0,-1.0,-1.0,-1.0,-1.0,0.14506322222222223,-1.0,-1.0,-1.0,-1.0,-1.0,-1.0,-1.0,0.142848,-1.0,-1.0,-1.0,-1.0,0.2514160833333334
2024-04-08,439.28350830078125,-1.0,-1.0,-1.0,0.10317107692307692,0.182876,-1.0,0.256322,0.04759349999999999,-1.0,0.162014,-1.0,-1.0,-1.0,0.061233,0.318206,0.12346,-1.0,-1.0,0.202369,-1.0,-1.0,0.012076,-1.0,0.304409,-1.0,0.22025525,-1.0,-1.0,0.033336,-1.0,-1.0,-0.033848,-1.0,-1.0,-1.0,-1.0,-1.0,-1.0,0.2091031875
2024-04-09,440.90863037109375,-1.0,-0.0315815,-1.0,0.26730114285714285,0.1779425,-1.0,-1.0,-0.020835000000000006,0.403993,0.1439695,-0.045746,-1.0,-1.0,0.1589546,0.032111,0.115736,-1.0,-1.0,0.055548,-1.0,-1.0,0.130222,-1.0,0.2044966666666667,-1.0,0.4049663333333333,-1.0,-1.0,-1.0,-1.0,-1.0,-1.0,-1.0,-1.0,-1.0,-1.0,-1.0,-1.0,0.19373084615384617
2024-04-10,437.0601806640625,-1.0,0.05588966666666667,-1.0,0.1825560769230769,0.033111499999999995,-1.0,-1.0,-0.02089400000000001,-1.0,-1.0,-1.0,-1.0,-1.0,0.13275125,-1.0,0.161709,-1.0,-1.0,-1.0,-1.0,-1.0,-1.0,-1.0,-1.0,-1.0,0.352193,-1.0,-1.0,-1.0,-1.0,-1.0,0.241548,-1.0,0.173894,-1.0,-1.0,-1.0,-1.0,0.1634276
2024-04-11,444.03924560546875,-1.0,-0.216174,-1.0,0.1891189375,-1.0,-1.0,0.08416833333333333,0.013054999999999997,0.091346,-1.0,-1.0,-1.0,-1.0,0.12131025000000001,-1.0,0.0903055,-1.0,-1.0,0.20516800000000002,-1.0,-1.0,-1.0,-1.0,0.159242,-1.0,0.2345505,-1.0,-1.0,-1.0,-1.0,-1.0,-1.0,-1.0,-1.0,-1.0,-1.0,-1.0,-1.0,0.20016299999999998
2024-04-12,436.96044921875,-1.0,-0.004818,0.269007,0.20115280000000002,0.153252,-1.0,-1.0,-1.0,0.161976,-1.0,-1.0,-1.0,-1.0,0.11118725,-1.0,0.1700375,0.15306,-1.0,0.128234,-1.0,-1.0,-1.0,-1.0,-1.0,-1.0,0.177231625,-1.0,-1.0,-1.0,-1.0,-1.0,-1.0,-1.0,0.259303,-1.0,-1.0,-1.0,-1.0,0.16307146666666666
2024-04-15,429.7720031738281,-0.119077,0.091177,-1.0,0.14707266666666666,0.10356999999999998,-1.0,0.0697355,0.044428,-1.0,0.249019,-1.0,-1.0,-1.0,0.18910149999999998,0.0017679999999999918,0.16184966666666667,0.033801,-1.0,-1.0,-1.0,-1.0,-1.0,-1.0,0.14158199999999999,-1.0,0.25433700000000004,-1.0,-1.0,-1.0,-1.0,-1.0,-1.0,-1.0,0.159696,-1.0,-1.0,-1.0,-1.0,0.11478661538461539
2024-04-16,429.8118896484375,0.043108,-0.208524,0.298302,0.206446,-1.0,-1.0,-1.0,-0.011555999999999999,-1.0,-1.0,0.121068,-1.0,-1.0,0.210591,0.11000800000000001,0.3357515,-1.0,-1.0,0.215662,-1.0,-1.0,-1.0,-1.0,-1.0,-1.0,-1.0,-1.0,-1.0,-1.0,-1.0,-1.0,-1.0,-1.0,0.1544895,-1.0,-1.0,-1.0,-1.0,0.16992823333333332
2024-04-17,424.5675964355469,-1.0,0.024121,-0.082938,0.113925125,0.10220074999999999,-1.0,-0.265741,-0.18033466666666667,-1.0,-1.0,-1.0,-1.0,-1.0,0.03650933333333334,-1.0,0.154834,0.107875,-1.0,0.117177,-1.0,-1.0,-1.0,-0.040802,0.054047,-1.0,0.309202,-1.0,-1.0,0.078975,-1.0,-1.0,-1.0,-1.0,0.17446,-1.0,-1.0,-1.0,-1.0,0.13560615789473685
2024-04-18,422.1448974609375,-1.0,-0.044295,-1.0,0.16871883333333335,0.067137,-1.0,0.139685,-0.031713,0.381363,-1.0,0.268583,-1.0,-1.0,0.1623192,-1.0,0.178311,-1.0,-1.0,0.322116,-1.0,-1.0,-1.0,-1.0,-1.0,-1.0,0.28961383333333335,-1.0,-1.0,-1.0,-1.0,-1.0,-1.0,-1.0,-1.0,-1.0,-1.0,-1.0,-1.0,0.15979673333333333
2024-04-19,413.4110107421875,-1.0,-1.0,-1.0,0.17970385714285714,0.212332,-1.0,0.102628,0.081826,-1.0,0.164467,-1.0,-1.0,-1.0,0.08934040000000001,-0.036822,0.13663125,-1.0,-1.0,0.036293,-1.0,-1.0,-1.0,-1.0,0.007864666666666664,-1.0,0.25273,-1.0,-1.0,-1.0,-1.0,-1.0,-1.0,-1.0,0.126212,-1.0,-1.0,-1.0,-1.0,0.1285831875
2024-04-22,417.568603515625,-1.0,-0.288157,-1.0,0.1670117777777778,-1.0,-1.0,0.034558,-0.0415125,0.432836,-0.026018,-1.0,-1.0,-1.0,-1.0,-1.0,0.142691,-1.0,-1.0,-1.0,-1.0,-1.0,-1.0,-1.0,0.306418,-1.0,-1.0,-1.0,-1.0,0.234651,-1.0,-1.0,0.044068,-1.0,0.130842,-1.0,-1.0,-1.0,-1.0,0.16751784615384613
2024-04-23,423.7998962402344,-1.0,-0.051311999999999997,0.259933,0.20990499999999998,0.279158,-1.0,0.199538,-0.012266,-1.0,-1.0,0.109801,-1.0,-1.0,0.154875,-1.0,0.20243000000000003,-1.0,-1.0,-1.0,-1.0,-1.0,-1.0,-1.0,0.19496666666666665,-1.0,0.380095,-1.0,-1.0,-1.0,-1.0,-1.0,-1.0,-1.0,-1.0,-1.0,-1.0,-1.0,-1.0,0.17189536842105263
2024-04-24,425.2356262207031,-1.0,-0.1023925,-1.0,0.1208165,0.055687,-1.0,0.062249,-0.26697899999999997,-1.0,0.016487499999999995,0.308459,-1.0,-1.0,0.14018566666666668,-0.110438,0.139828,-1.0,-1.0,-1.0,-1.0,-1.0,-1.0,-1.0,-1.0,-1.0,-1.0,-1.0,-1.0,-1.0,-1.0,-1.0,-1.0,-1.0,-1.0,-1.0,-1.0,-1.0,-1.0,0.16125244444444445
2024-04-25,423.1817932128906,-1.0,0.040487,-1.0,0.16213991666666666,0.193107,-1.0,0.28700950000000003,0.04812275,-1.0,0.09535,-1.0,-1.0,-1.0,-1.0,-1.0,0.2994555,-1.0,-1.0,0.1774275,-1.0,-1.0,-1.0,-1.0,0.360131,-1.0,0.43559,-1.0,-1.0,-1.0,-1.0,-1.0,-1.0,-1.0,-1.0,-1.0,-1.0,-0.098708,-1.0,0.1255382380952381
2024-04-26,429.7121887207031,-1.0,-0.0720515,0.0506545,0.11875200000000001,0.238999,-1.0,0.147279,0.061242,0.35194349999999996,-1.0,0.330279,-1.0,-1.0,0.05995122222222222,-1.0,0.084131,-1.0,-1.0,0.189522,-1.0,-1.0,-1.0,-1.0,0.186451,-1.0,0.14337933333333333,-1.0,-1.0,-1.0,-1.0,-1.0,-1.0,-1.0,-1.0,-1.0,-1.0,0.130154,-1.0,0.16657223529411766
2024-04-29,431.45697021484375,-1.0,-0.026029,0.036711,0.2210708888888889,-1.0,-1.0,-1.0,-0.08809025000000001,-1.0,0.142651,-1.0,-1.0,-1.0,0.2918925,-0.232866,-1.0,0.091035,-1.0,-1.0,-1.0,-1.0,-1.0,-1.0,0.31584900000000005,-1.0,0.184846,-1.0,-1.0,-1.0,-1.0,-1.0,-0.004844,-1.0,0.210059,-1.0,-1.0,-1.0,-1.0,0.19300704761904763
2024-04-30,423.3213195800781,-1.0,-0.004043500000000005,-1.0,0.10490157142857144,-1.0,-1.0,0.18811,0.030858200000000002,-1.0,-1.0,0.07393,-1.0,-1.0,0.1793265,0.12639699999999998,0.08971,0.212908,-1.0,-1.0,-1.0,-1.0,-1.0,-1.0,0.10149450000000002,-1.0,0.35704650000000004,-1.0,-1.0,0.080987,-1.0,-1.0,-1.0,-1.0,0.012509,-1.0,-1.0,-0.216953,-1.0,0.16699705555555555
2024-05-01,420.260498046875,-1.0,-1.0,-1.0,0.163696375,0.15197,-1.0,-1.0,-0.054299,-1.0,-1.0,-1.0,-1.0,-1.0,0.0542025,-0.074692,-1.0,-1.0,-1.0,-1.0,-1.0,-1.0,-1.0,-1.0,0.2766093333333333,-1.0,0.42171,-1.0,-1.0,-1.0,-1.0,-1.0,-1.0,-1.0,-1.0,-1.0,-1.0,0.054428,-1.0,0.15137268965517242
2024-05-02,425.6244201660156,-1.0,0.027059666666666666,-1.0,0.2493905,0.040719,-1.0,-1.0,0.00489,-1.0,0.1329795,-1.0,-1.0,-1.0,0.08941166666666667,-1.0,0.186604,-1.0,-1.0,0.156252,-1.0,-1.0,-1.0,-1.0,0.319045,-1.0,0.4145485,-1.0,-1.0,-1.0,-1.0,-1.0,-1.0,-1.0,0.271161,-1.0,-1.0,-1.0,-1.0,0.15649514814814813
2024-05-03,434.1788330078125,-1.0,-0.1615475,0.345591,0.18937636363636362,0.21473433333333333,-1.0,0.11645900000000001,-0.1259165,-1.0,0.083163,-1.0,-1.0,-1.0,0.1316216,-0.057989,0.197567,-1.0,-1.0,0.1707075,-1.0,-1.0,-1.0,-1.0,0.4012385,-1.0,0.1449145,-1.0,-1.0,-1.0,-1.0,-1.0,-1.0,-1.0,0.162526,-1.0,-1.0,-1.0,-1.0,0.17849944444444443
2024-05-06,438.9345397949219,-1.0,-0.067423,-1.0,0.15368155555555557,-1.0,-1.0,0.044505,0.014844249999999996,-1.0,-1.0,-1.0,-1.0,-1.0,0.307761,-1.0,0.15837,-1.0,-1.0,-1.0,-1.0,-1.0,-1.0,0.161943,0.16675774999999998,-1.0,-1.0,-1.0,-1.0,-1.0,-1.0,0.251227,-1.0,-1.0,0.077973,-1.0,-1.0,-1.0,-1.0,0.15924731818181817
2024-05-07,439.00433349609375,-1.0,-1.0,-1.0,0.2224892,-1.0,-1.0,0.214176,-0.115729,-1.0,-1.0,-1.0,-1.0,-1.0,0.12811966666666666,-1.0,0.2592605,-1.0,-1.0,-1.0,-1.0,-1.0,-1.0,-1.0,0.2995055,-1.0,0.337486,-1.0,-1.0,-1.0,-1.0,-1.0,-1.0,-1.0,-1.0,-1.0,-1.0,-1.0,-1.0,0.1573669393939394
2024-05-08,438.7451171875,-1.0,-0.23492,0.194797,0.20412966666666668,-1.0,-1.0,0.182361,-0.0698565,-1.0,-1.0,-0.041289,-1.0,-1.0,0.192898,-0.175313,-1.0,-1.0,-1.0,-1.0,-1.0,-1.0,-1.0,0.060805,0.15981,-1.0,-1.0,-1.0,-1.0,-1.0,-1.0,-1.0,-1.0,-1.0,0.204722,-1.0,-1.0,-1.0,-1.0,0.14587922222222222
2024-05-09,439.7022399902344,0.026475,0.1471155,-1.0,0.19721925,0.118849,-1.0,-1.0,-0.06591266666666667,-1.0,-1.0,-1.0,-1.0,-1.0,0.14931733333333333,-1.0,0.119162,-1.0,-1.0,0.131155,-1.0,-1.0,-1.0,-1.0,0.2148715,-1.0,0.238357,-1.0,-1.0,-1.0,-1.0,-1.0,-1.0,-1.0,0.21658349999999998,-1.0,-1.0,-1.0,-1.0,0.14977414285714286
2024-05-10,440.7391357421875,-1.0,-0.09072733333333333,-1.0,0.17408600000000002,0.269075,-1.0,-1.0,-0.0422752,-1.0,-1.0,0.102509,-1.0,-1.0,0.20851920000000002,0.087126,0.0986135,-1.0,-1.0,0.128717,-1.0,-1.0,-1.0,0.110402,0.2076518,-1.0,0.25733575,-1.0,-1.0,-1.0,-1.0,-1.0,-1.0,-1.0,-1.0,-1.0,-1.0,-1.0,-1.0,0.1884942
2024-05-13,441.7560729980469,-1.0,0.05617649999999999,-1.0,0.211093875,0.194924,-1.0,0.1289575,-0.016399000000000004,-1.0,-1.0,-1.0,-1.0,-1.0,0.34688633333333335,-0.194134,0.14045466666666664,-1.0,-1.0,0.150086,-1.0,-1.0,-1.0,-1.0,0.169069,-1.0,-1.0,-1.0,-1.0,-1.0,-1.0,-1.0,-1.0,-1.0,-1.0,-1.0,-1.0,-1.0,-1.0,0.1721290588235294
2024-05-14,444.5975646972656,-1.0,0.072181,-1.0,0.13298027272727272,0.1208998,-1.0,0.151582,0.05862933333333333,0.256868,-1.0,0.12448299999999998,-1.0,-1.0,0.10679649999999999,-1.0,0.12210159999999999,-1.0,-1.0,-1.0,-1.0,-1.0,-1.0,-1.0,0.196862,-1.0,0.137472,-1.0,-1.0,-1.0,-1.0,-1.0,0.097093,-1.0,-1.0,-1.0,-1.0,-1.0,-1.0,0.17683421428571428
2024-05-15,451.5467529296875,-1.0,-0.005602499999999999,0.194695,0.2963498888888889,0.14192775000000002,-1.0,0.058054,0.097466,-1.0,-1.0,-1.0,-1.0,-1.0,0.20928599999999997,0.2564123333333333,0.2500172727272727,-1.0,-1.0,-1.0,-1.0,-1.0,-1.0,-1.0,-1.0,-1.0,-1.0,-1.0,-1.0,-1.0,-1.0,-1.0,-1.0,-1.0,-0.157144,-1.0,-1.0,-1.0,-1.0,0.21235975
2024-05-16,450.6295166015625,-1.0,-0.157663,-1.0,0.21270542857142857,0.312448,-1.0,0.276988,0.03861,0.149891,0.289194,0.126368,-1.0,-1.0,0.034248999999999995,-1.0,0.1176815,0.1159495,-1.0,0.189175,-1.0,-1.0,-1.0,-1.0,0.218527,-1.0,0.14746133333333333,-1.0,-1.0,-0.192075,-1.0,-1.0,0.084225,-1.0,-1.0,-1.0,-1.0,-1.0,-1.0,0.17012327272727273
2024-05-17,450.41015625,-1.0,0.263847,0.043271,0.15121516666666665,0.129142,-1.0,0.30181,0.015358000000000002,0.386853,-1.0,-1.0,-1.0,-1.0,0.1848242,0.012063,0.1042268,0.160607,-1.0,0.103943,0.173637,-1.0,-1.0,-1.0,0.21372733333333332,-1.0,0.2220251666666667,-1.0,-1.0,-1.0,-1.0,-1.0,-1.0,-1.0,-1.0,-1.0,-1.0,-1.0,-1.0,0.24518249999999997
2024-05-20,453.5507507324219,-1.0,0.122687,-1.0,0.2048016153846154,-1.0,-1.0,0.114171,0.057630999999999995,-1.0,-1.0,0.151495,-1.0,-1.0,-0.104779,0.191639,0.292456,0.099038,-1.0,0.108108,-1.0,-1.0,-1.0,-1.0,0.23790224999999998,-1.0,0.32010666666666665,-1.0,-1.0,0.176098,-1.0,-1.0,0.014705,-1.0,-1.0,-1.0,-1.0,-1.0,-1.0,0.21179385714285712
2024-05-21,454.4380798339844,-1.0,-1.0,-1.0,0.17384222222222223,0.0755925,-1.0,0.378303,-0.06364500000000001,-1.0,-1.0,0.08366,-1.0,0.269829,0.11739625000000001,0.033621500000000006,0.158109,-1.0,-1.0,0.19341,-1.0,-1.0,-1.0,-0.168397,-1.0,-1.0,0.508434,-1.0,-1.0,-1.0,-1.0,-1.0,0.053211,-1.0,0.239184,-1.0,-1.0,-1.0,-1.0,0.211428
2024-05-22,454.34832763671875,-1.0,-0.01800400000000001,-1.0,0.1415882,0.14179,-1.0,0.19588166666666665,0.1333015,0.23885800000000001,-1.0,0.102269,-1.0,-1.0,0.12359525,-1.0,0.09067425,-1.0,-1.0,-1.0,-1.0,-1.0,-1.0,-1.0,-1.0,-1.0,0.06096,-1.0,-1.0,0.064561,-1.0,-1.0,-1.0,-1.0,-1.0,-1.0,-1.0,-1.0,-1.0,0.1871862857142857
2024-05-23,452.30450439453125,-1.0,-0.04495625,-1.0,0.246362,0.2109195,-1.0,0.04148450000000001,0.078082,-1.0,-1.0,-1.0,-1.0,-1.0,0.125459,0.1172045,0.10965333333333334,0.229292,-1.0,0.10515250000000001,-1.0,-1.0,-1.0,-1.0,0.352749,-1.0,0.2749484,-1.0,-1.0,0.209722,-1.0,-1.0,-1.0,-1.0,-1.0,-1.0,-1.0,-1.0,-1.0,0.15545340000000002
2024-05-24,456.5816650390625,-1.0,-0.124602,0.070727,0.27344133333333337,0.1536765,-1.0,0.184877,-0.1968013333333333,-1.0,-1.0,0.05470799999999999,-1.0,0.084067,0.11349585714285715,-1.0,0.026192,-1.0,-1.0,0.090904,-1.0,-1.0,-1.0,0.088593,0.246855,-1.0,0.20794657142857145,-1.0,-1.0,0.218595,-1.0,-1.0,-1.0,-1.0,-1.0,-1.0,-1.0,-1.0,-1.0,0.2224778888888889
2024-05-28,458.3064880371094,-1.0,-1.0,-1.0,0.16288746153846154,0.044386999999999996,-1.0,-1.0,-0.06096014285714286,-1.0,-1.0,-1.0,-1.0,-1.0,0.17285,-1.0,0.16963820000000002,0.277667,-1.0,-1.0,-1.0,-1.0,-1.0,-1.0,0.18696200000000002,-1.0,-1.0,-1.0,-1.0,0.07321,-1.0,-1.0,-1.0,-1.0,-1.0,-1.0,-1.0,-1.0,-1.0,0.2041977
2024-05-29,455.076171875,-1.0,0.085475,-1.0,0.19403357142857144,0.05166900000000001,-1.0,0.11942833333333334,-0.056070999999999996,0.4141985,-1.0,-1.0,-1.0,-1.0,0.15923483333333333,-1.0,-1.0,-1.0,-1.0,0.005318999999999997,-1.0,-1.0,-1.0,-1.0,-1.0,-1.0,-1.0,-1.0,-1.0,-1.0,-1.0,-1.0,0.036118,-1.0,-1.0,-1.0,-1.0,-1.0,-1.0,0.16890617647058825
2024-05-30,450.2007751464844,-1.0,-0.116924,-0.105942,0.1664978,-0.007995000000000002,-1.0,0.279315,-0.01845175,0.22480899999999998,-1.0,-0.140042,-1.0,-1.0,0.21999733333333335,-1.0,0.0431305,0.1347655,-1.0,-1.0,-1.0,-1.0,-1.0,-1.0,-1.0,-1.0,0.366533,-1.0,-1.0,0.14008,-1.0,-1.0,-1.0,-1.0,-1.0,-1.0,-1.0,-1.0,-1.0,0.17603317647058822
2024-05-31,449.36328125,-1.0,0.010227499999999997,0.036153,0.28827339999999996,0.22720333333333334,-1.0,-0.0661965,-0.09565199999999999,0.21483666666666668,-1.0,-1.0,-1.0,-1.0,0.25266866666666665,-1.0,0.21857349999999998,0.121512,-1.0,0.072015,-1.0,-1.0,-1.0,-1.0,0.19084475,-1.0,0.2917583,-1.0,-1.0,0.107632,-1.0,-1.0,-1.0,-1.0,-1.0,-1.0,-1.0,-1.0,-1.0,0.1826732
2024-06-03,451.77606201171875,-1.0,-0.07943,-1.0,0.170353,-0.038275500000000004,-1.0,0.045597,-0.1524485,0.2629395,-0.147372,-1.0,-1.0,-1.0,0.15071325000000002,-1.0,-1.0,-1.0,-1.0,-0.019407,-1.0,-1.0,-1.0,0.055736,0.23357299999999998,-1.0,-1.0,-1.0,-1.0,-1.0,-1.0,0.247876,-0.007327,-1.0,0.009687,-1.0,-1.0,-0.055636,-1.0,0.21368755555555558
2024-06-04,453.0123596191406,-1.0,0.1119655,-1.0,0.191569125,0.077882,-1.0,0.06292566666666666,-0.05743225,0.20043850000000002,-1.0,-1.0,-1.0,-1.0,0.027804,-0.056564,0.157703,-1.0,-1.0,-1.0,-1.0,-1.0,-1.0,-1.0,-1.0,-1.0,0.2952965,-1.0,-1.0,-1.0,-1.0,-1.0,-1.0,-1.0,-1.0,-1.0,-1.0,-1.0,-1.0,0.21665076923076926
2024-06-05,462.1449890136719,-1.0,-0.08051933333333333,-1.0,0.20258500000000002,-0.017543333333333338,-1.0,0.188331,-1.0,0.20783,-1.0,0.272727,-1.0,-1.0,0.143612,0.197949,0.434758,0.106745,-1.0,0.179574,-1.0,-1.0,-1.0,0.161596,0.128587,-1.0,0.31094975,-1.0,-1.0,-1.0,-1.0,-1.0,-0.017223,-1.0,-1.0,-1.0,-1.0,-1.0,-1.0,0.252028625
2024-06-06,461.9854736328125,-1.0,-0.314382,-1.0,0.2199965,-1.0,-1.0,0.012179,0.0020267500000000008,0.091896,-0.061778,0.079848,-1.0,-1.0,-0.0006444999999999992,0.210438,0.18065825,0.043078,-1.0,0.057561,-1.0,-1.0,-1.0,-1.0,-1.0,-1.0,0.26559,-1.0,-1.0,-1.0,-1.0,-1.0,-0.08744,-1.0,0.290076,-1.0,-1.0,-1.0,-1.0,0.15598885714285715
2024-06-07,461.5766906738281,-1.0,-1.0,-1.0,0.2960043636363636,0.03863,-1.0,0.148235,-0.0636465,0.601719,0.012074,-1.0,-1.0,-1.0,0.141613,-1.0,0.286966,0.094658,-1.0,-1.0,-1.0,-1.0,-1.0,0.060533,-1.0,-1.0,0.2960858571428572,-1.0,-1.0,-1.0,-1.0,-1.0,-1.0,-1.0,0.083382,-1.0,-1.0,-1.0,-1.0,0.170547
2024-06-10,463.44110107421875,-1.0,-1.0,-1.0,0.151678,0.20915399999999998,-1.0,0.162156,-0.071,-1.0,-1.0,-0.06748,-1.0,-1.0,0.15362725,0.18374066666666666,0.138206,0.247756,-1.0,-1.0,-1.0,-1.0,-1.0,0.167781,0.2316485,-1.0,0.21073799999999998,-1.0,-1.0,-1.0,-1.0,-1.0,0.109773,-1.0,-1.0,-1.0,-1.0,-1.0,-1.0,0.2390611818181818
2024-06-11,466.6215515136719,-1.0,0.06746,0.0,0.21144123076923077,-0.01156766666666667,-1.0,0.176911,0.0035864999999999994,-1.0,-1.0,0.19787999999999997,-1.0,-1.0,-0.03208833333333334,-0.058802,0.154445,-1.0,-1.0,-0.014505,-1.0,-1.0,-1.0,-1.0,-1.0,-1.0,0.25387166666666666,-1.0,-1.0,-1.0,-1.0,-1.0,-1.0,-1.0,-1.0,-1.0,-1.0,-1.0,-1.0,0.21516254545454547
2024-06-12,472.7332458496094,-1.0,-0.045218,-1.0,0.14615233333333333,0.1052948,-1.0,0.415795,-0.117406,0.566232,0.330236,0.31649,-1.0,-1.0,0.15771333333333334,-1.0,0.16370525,-1.0,-1.0,0.055024,-1.0,-1.0,-1.0,-1.0,0.169353,-1.0,0.3617166666666667,-1.0,-1.0,0.115928,-1.0,-1.0,-0.013782500000000003,-1.0,-1.0,-1.0,-1.0,-1.0,-1.0,0.23267963636363637
2024-06-13,475.2955627441406,-1.0,0.061768,-1.0,0.15514841666666665,0.15596949999999998,-1.0,0.146411,0.14006,-1.0,-1.0,0.014270499999999992,-1.0,-1.0,0.08319100000000001,-1.0,0.16745,-1.0,-1.0,-1.0,-1.0,-1.0,-1.0,0.0805805,-1.0,-1.0,0.26190650000000004,-1.0,-1.0,0.353805,-1.0,-1.0,0.097316,-1.0,0.10654,-1.0,-1.0,-1.0,-1.0,0.18107171428571428
2024-06-14,477.7582092285156,-1.0,-1.0,-1.0,0.13754083333333333,0.32271299999999997,-1.0,-0.026381,-0.031729499999999994,0.385899,0.064939,0.17593366666666665,-1.0,-1.0,0.24963414285714286,-1.0,0.098293,-1.0,-1.0,-1.0,-1.0,-1.0,-1.0,-1.0,0.1595695,-1.0,0.22138175000000002,-1.0,-1.0,-1.0,-1.0,-1.0,-1.0,-1.0,-1.0,-1.0,-1.0,-1.0,-1.0,0.13788183333333334
2024-06-17,483.61065673828125,-1.0,-1.0,-1.0,0.17372325,0.2610173333333334,-1.0,0.249753,0.0899008,-1.0,-1.0,0.24653999999999998,-1.0,-1.0,0.28827800000000003,-1.0,0.196874,-1.0,-1.0,0.1010095,0.346931,-1.0,-1.0,0.132568,0.22485549999999999,-1.0,-1.0,-1.0,-1.0,-1.0,-1.0,-1.0,0.12995,-1.0,-1.0,-1.0,-1.0,-1.0,-1.0,0.21500357142857143
2024-06-18,483.76019287109375,-1.0,-0.06894,-1.0,0.21089449999999998,0.09640499999999999,-1.0,0.169211,0.17136766666666667,0.295608,0.231981,-1.0,-1.0,0.167591,0.10499125,0.26702,0.084022,-1.0,-1.0,0.120558,-1.0,-1.0,-1.0,0.264425,0.479911,-1.0,-0.068123,-1.0,-1.0,-1.0,-1.0,-1.0,-1.0,-1.0,-1.0,-1.0,-1.0,-1.0,-1.0,0.23286261538461536
2024-06-20,480.0314025878906,0.014747,-0.005373500000000003,-1.0,0.22019066666666667,0.14043066666666668,-1.0,-1.0,-0.0486865,0.206466,0.1553955,-0.016124333333333334,-1.0,-1.0,0.07541999999999999,-1.0,0.19960666666666668,-1.0,-1.0,-1.0,-1.0,-1.0,-1.0,-1.0,-1.0,-1.0,0.3507315,-1.0,-1.0,-1.0,-1.0,-1.0,-1.0,-1.0,-0.140976,-1.0,-1.0,-1.0,-1.0,0.17165690909090908
2024-06-21,478.7452392578125,-1.0,0.019613000000000005,-1.0,0.18647333333333335,0.22773285714285715,-1.0,-1.0,0.140962,0.182118,0.134713,-1.0,-1.0,-1.0,0.12196600000000002,-1.0,0.177406,-1.0,-1.0,0.104153,-1.0,-1.0,-1.0,-1.0,0.390237,-1.0,0.21565925,-1.0,-1.0,-1.0,-1.0,-1.0,-1.0,-1.0,-1.0,-1.0,-1.0,-1.0,-1.0,0.19339623076923076
2024-06-24,473.2948913574219,0.103151,-1.0,-1.0,0.07685026315789474,0.19198166666666663,-1.0,-1.0,-1.0,0.21962,-1.0,-1.0,-1.0,-1.0,-0.158532,-1.0,0.453079,-1.0,-1.0,-1.0,-1.0,-1.0,-1.0,0.036549,0.19813466666666668,-1.0,-0.014716,-1.0,-1.0,-1.0,-1.0,-1.0,-1.0,-1.0,-1.0,-1.0,-1.0,-1.0,-1.0,0.17565794444444446
2024-06-25,478.7073059082031,-1.0,0.08086533333333333,-1.0,0.2951330909090909,0.0569755,-1.0,0.1566755,0.12355425,0.579266,-1.0,0.030818,-1.0,-1.0,0.3283176666666667,-1.0,0.23291399999999995,-1.0,-1.0,-1.0,0.204174,-1.0,-1.0,-1.0,-1.0,-1.0,0.326368,-1.0,-1.0,-1.0,-1.0,-1.0,-1.0,-1.0,0.092252,-1.0,-1.0,-1.0,-1.0,0.1988834
2024-06-26,479.6958923339844,-1.0,-0.077192,-1.0,0.25456184615384614,0.10174949999999999,-1.0,-1.0,0.11031766666666666,0.2265155,-1.0,-0.083453,-1.0,-1.0,0.22242825,0.482604,-0.0060905,-0.007234,-1.0,-1.0,-1.0,-1.0,-1.0,-1.0,-1.0,-1.0,0.32283766666666663,-1.0,-1.0,-1.0,-1.0,-1.0,-1.0,-1.0,0.106003,-1.0,-1.0,-1.0,-1.0,0.2350822
2024-06-27,480.93414306640625,-1.0,-0.07731450000000001,-1.0,0.1802619285714286,0.1699585,-1.0,0.017401,0.083451,-1.0,-1.0,-1.0,-1.0,-1.0,0.11267866666666669,0.071279,0.27593066666666666,-1.0,-1.0,-1.0,-1.0,-1.0,-1.0,0.162343,-1.0,-1.0,0.376582,-1.0,-1.0,0.238881,-1.0,-1.0,-1.0,-1.0,-1.0,-1.0,-1.0,-1.0,-1.0,0.21697355555555556
2024-06-28,478.4376525878906,-1.0,-1.0,-1.0,0.17773007142857145,-1.0,-1.0,-1.0,0.058357,-1.0,0.048316,0.230834,-1.0,-1.0,0.0298485,0.171808,0.19777699999999998,-1.0,-1.0,-1.0,-1.0,-1.0,-1.0,-1.0,0.271617,-1.0,0.27759337500000003,-1.0,-1.0,-1.0,-1.0,-1.0,-1.0,-1.0,0.27917,-1.0,-1.0,-1.0,-1.0,0.18327672222222222
2024-07-01,481.2437438964844,-1.0,-0.1369012,-1.0,0.2171814,0.337383,0.107241,-1.0,-1.0,-1.0,-0.11238000000000001,-1.0,-1.0,-1.0,0.18474200000000002,0.050202,0.18724649999999998,-1.0,-1.0,0.0623,0.257697,-1.0,-1.0,0.074446,0.217422,-1.0,0.2757535,-1.0,-1.0,-1.0,-1.0,-1.0,-1.0,-1.0,0.108175,-1.0,-1.0,-1.0,-1.0,0.442189
2024-07-02,486.296630859375,0.261364,-0.12235566666666668,0.311404,0.13857095454545454,0.34913700000000003,-1.0,-1.0,0.029925499999999994,-1.0,-1.0,-0.092931,-1.0,-1.0,0.104133,-1.0,0.15248350000000002,0.345691,-1.0,0.139254,-1.0,-1.0,-1.0,0.148786,0.184125,-1.0,0.533751,-1.0,-1.0,-1.0,-1.0,-1.0,-1.0,-1.0,-1.0,-1.0,-1.0,-1.0,-1.0,0.20488966666666666
2024-07-03,490.3509521484375,0.033672,0.088028,-1.0,0.188644,0.15851266666666666,-1.0,-1.0,0.022262,-1.0,0.074398,-1.0,-1.0,-1.0,0.1261734,-1.0,0.179249,-1.0,-1.0,-1.0,-1.0,-1.0,-1.0,0.127714,0.3272336666666667,-1.0,0.17264366666666667,-1.0,-1.0,0.071862,-1.0,0.224178,-0.139076,-1.0,0.174016,-1.0,-1.0,-1.0,-1.0,0.329182
2024-07-05,495.4637451171875,-1.0,-1.0,0.164797,0.17355175,0.228847,-1.0,-1.0,-0.121082,0.203814,-1.0,0.155349,-1.0,-1.0,0.1822368,-1.0,0.20252916666666665,-1.0,-1.0,-1.0,0.176653,-1.0,-1.0,-1.0,0.22903880000000001,-1.0,0.15354233333333334,-1.0,-1.0,0.178766,-1.0,-1.0,-1.0,-1.0,-1.0,-1.0,-1.0,-1.0,-1.0,0.369257
2024-07-08,496.64208984375,-1.0,-1.0,-1.0,0.18275226666666666,0.282893,-1.0,0.078522,-1.0,-1.0,0.002376,0.222382,-1.0,-1.0,-1.0,0.038474,0.139105,-1.0,-1.0,-1.0,-1.0,-1.0,-1.0,0.162588,0.25190520000000005,-1.0,0.306964,-1.0,-1.0,-1.0,-1.0,-1.0,-0.069217,-1.0,0.256871,-1.0,-1.0,-1.0,-1.0,0.215766875
2024-07-09,497.07147216796875,-1.0,0.016943,-1.0,0.2293705,0.366773,-1.0,-1.0,0.186975,0.243967,-1.0,-1.0,-1.0,-1.0,0.03492580000000001,-0.097281,0.2612445,-1.0,-1.0,-1.0,-1.0,-1.0,-1.0,-1.0,-1.0,-1.0,0.291949,-1.0,-1.0,0.019241,-1.0,-1.0,-1.0,-1.0,0.115162,-1.0,-1.0,-1.0,-1.0,0.21345147826086958
2024-07-10,502.25421142578125,-1.0,-0.28614,-1.0,0.19810753846153845,0.004726000000000001,-1.0,0.2241785,0.039406,-1.0,-1.0,-1.0,-1.0,-1.0,0.172649,-1.0,0.098701,0.198397,-1.0,-1.0,-1.0,-1.0,-1.0,-1.0,0.22039,-1.0,0.165149,-1.0,-1.0,0.082,-1.0,-1.0,-0.029489,-1.0,0.002374,-1.0,-1.0,-1.0,-1.0,0.21393226315789474
2024-07-11,491.23968505859375,-1.0,-1.0,-1.0,0.13158216666666667,0.0916225,-1.0,0.126131,0.131525,0.250083,-1.0,-1.0,-1.0,-1.0,0.1043695,-1.0,0.1433808,0.20711899999999997,-1.0,-1.0,-1.0,-1.0,-1.0,0.036743,0.055171,-1.0,0.339253,-1.0,-1.0,0.154486,-1.0,-1.0,-1.0,-1.0,-1.0,-1.0,-1.0,-1.0,-1.0,0.2134053125
2024-07-12,494.1256408691406,0.052045,0.171483,-1.0,0.13006500000000001,0.2339848,-1.0,-1.0,0.05103466666666667,-0.202251,-1.0,0.036237,-1.0,-1.0,0.17163716666666665,-1.0,-1.0,0.106028,-1.0,-1.0,-1.0,-1.0,-1.0,-1.0,0.253597,-1.0,0.2061679,-1.0,-1.0,-1.0,-1.0,-1.0,0.182869,-1.0,-1.0,-1.0,-1.0,-1.0,-1.0,0.20784116666666666
2024-07-15,495.4537658691406,-1.0,0.166246,-1.0,0.19460544444444444,0.217034,-1.0,-1.0,0.030685666666666667,-1.0,-1.0,0.362267,-1.0,-1.0,0.21673333333333336,-1.0,-1.0,0.352878,-1.0,0.104654,-1.0,-1.0,-1.0,0.19397,0.226989,-1.0,0.2848135,-1.0,-1.0,-1.0,-1.0,-1.0,-0.145906,-1.0,-1.0,-1.0,-1.0,-1.0,-1.0,0.21784472000000002
2024-07-16,495.64349365234375,-0.114631,0.134497,-1.0,0.200561,0.286824,-1.0,0.22632,-0.28473,0.1862375,-1.0,0.1441605,-1.0,-1.0,0.059856333333333324,-0.004815,0.108944,0.0944295,-1.0,0.20061166666666666,-1.0,-1.0,-1.0,0.134911,0.057242,-1.0,0.30548600000000004,-1.0,-1.0,-1.0,-1.0,-1.0,0.022165,-1.0,-1.0,-1.0,-1.0,-1.0,-1.0,0.23899682352941176
2024-07-17,481.09393310546875,-1.0,-1.0,-1.0,0.200504,-1.0,0.086343,-1.0,-1.0,-1.0,-1.0,-1.0,-1.0,-1.0,-1.0,-1.0,0.208404,-1.0,-1.0,-1.0,-1.0,-1.0,-1.0,-1.0,0.323265,-1.0,-1.0,-1.0,-1.0,-1.0,-1.0,-1.0,-1.0,0.040599,-1.0,-1.0,-1.0,-1.0,-1.0,0.20376872727272727
2024-07-18,478.817138671875,-1.0,-1.0,-1.0,0.17992875,-1.0,-1.0,-0.05046475,-1.0,-1.0,-0.128683,-1.0,-1.0,-1.0,-1.0,-1.0,0.229517,-1.0,-1.0,-1.0,-1.0,-1.0,-1.0,-1.0,-1.0,-1.0,-1.0,-1.0,-1.0,-1.0,-1.0,-1.0,-1.0,-1.0,-1.0,-1.0,-1.0,-1.0,-1.0,0.15460288235294117
2024-07-19,474.5730895996094,-1.0,-1.0,-1.0,0.21809003703703703,-1.0,0.086343,-1.0,-1.0,-1.0,0.117246,0.059758,-1.0,-1.0,-1.0,-1.0,0.18485249999999998,-1.0,-1.0,-1.0,-1.0,-1.0,-1.0,0.311099,-1.0,-1.0,-1.0,-1.0,-1.0,-1.0,-1.0,-1.0,-1.0,-1.0,-1.0,-1.0,-1.0,-1.0,-1.0,0.17182208333333335
2024-07-22,481.6431884765625,-1.0,-1.0,-1.0,0.2035721875,-1.0,-1.0,0.075937,-1.0,-1.0,-0.294585,0.244313,-1.0,-1.0,-1.0,-1.0,-1.0,-1.0,-1.0,-1.0,-1.0,-1.0,-1.0,-0.065231,0.22155450000000002,-1.0,-1.0,-1.0,-1.0,-1.0,-1.0,-1.0,-1.0,-1.0,-1.0,-1.0,-1.0,-1.0,-1.0,0.18958676923076923
2024-07-23,479.945556640625,-1.0,-1.0,-1.0,0.21975090000000003,-1.0,-1.0,0.04468250000000001,-1.0,-1.0,0.273206,0.281956,-1.0,-1.0,-1.0,-1.0,0.232153,-1.0,-1.0,-1.0,-1.0,-1.0,-1.0,0.068476,0.299065,-1.0,-1.0,-1.0,-1.0,-1.0,-1.0,-1.0,-1.0,-1.0,-1.0,-1.0,-1.0,-1.0,-1.0,0.17882963636363636
2024-07-24,462.7297668457031,-1.0,-1.0,-1.0,0.2728597,-1.0,-1.0,0.105985,-1.0,-1.0,-0.057454,-1.0,-1.0,-1.0,-1.0,-1.0,0.2201985,-1.0,-1.0,-1.0,-1.0,-1.0,-1.0,-1.0,-0.203627,-1.0,-1.0,-1.0,-1.0,0.144264,-1.0,-1.0,-1.0,0.07166,-1.0,-1.0,-1.0,-1.0,-1.0,0.1577978064516129
2024-07-25,457.6269226074219,-1.0,-1.0,-1.0,0.15180076923076924,-1.0,-1.0,-1.0,-1.0,-1.0,-1.0,0.1167385,-1.0,-1.0,-1.0,-1.0,0.223113,-1.0,-1.0,-1.0,-1.0,-1.0,-1.0,-1.0,0.1965575,-1.0,-1.0,-1.0,-1.0,-1.0,-1.0,-1.0,-1.0,-1.0,-1.0,-1.0,-1.0,-1.0,-1.0,0.15408568965517241
2024-07-26,462.3203430175781,-1.0,-1.0,-1.0,0.14333429411764706,-1.0,-1.0,-1.0,-1.0,-1.0,0.185241,0.217246,-1.0,-1.0,-1.0,-1.0,0.24074383333333335,-1.0,-1.0,-1.0,-1.0,-1.0,-1.0,0.106076,-1.0,-1.0,-1.0,-1.0,-1.0,-1.0,-1.0,-1.0,-1.0,-1.0,-1.0,-1.0,-1.0,-1.0,-1.0,0.16998904166666665
2024-07-29,463.2490234375,-1.0,-1.0,-1.0,0.1781807142857143,-1.0,-1.0,0.1671705,-1.0,-1.0,0.191416,0.062866,-1.0,-1.0,-1.0,-1.0,0.300559,-1.0,-1.0,-1.0,-1.0,-1.0,-1.0,-1.0,0.23648466666666668,-1.0,-1.0,-1.0,-1.0,-1.0,-1.0,-1.0,-1.0,-1.0,-1.0,-1.0,-1.0,-1.0,-1.0,0.16868314285714284
2024-07-30,456.8879699707031,-1.0,-1.0,-1.0,0.18522425,-1.0,-1.0,-1.0,-1.0,-1.0,-1.0,-1.0,-1.0,-1.0,-1.0,-1.0,0.22285275000000002,-1.0,-1.0,-1.0,-1.0,-1.0,-1.0,-1.0,0.21070925000000001,-1.0,-1.0,-1.0,-1.0,-1.0,-1.0,-1.0,-1.0,-1.0,-1.0,-1.0,-1.0,-1.0,-1.0,0.1695154705882353
2024-07-31,470.4089660644531,-1.0,-1.0,-1.0,0.25119275,-1.0,-1.0,0.26821,-1.0,-1.0,-1.0,0.347662,-1.0,-1.0,-1.0,-1.0,0.37820200000000004,-1.0,-1.0,-1.0,-1.0,-1.0,-1.0,-1.0,0.20523325,-1.0,-1.0,-1.0,-1.0,-1.0,-1.0,-1.0,-1.0,-1.0,-1.0,-1.0,-1.0,-1.0,-1.0,0.15634005263157894
2024-08-01,459.0149841308594,-1.0,-1.0,-1.0,0.16044424999999998,-1.0,0.086343,-1.0,-1.0,-1.0,0.038334,0.151571,-1.0,-1.0,-1.0,-1.0,-1.0,-1.0,-1.0,-1.0,-1.0,-1.0,-1.0,0.00973,0.2674075,-1.0,-1.0,-1.0,-1.0,-1.0,-1.0,-1.0,-1.0,-1.0,-1.0,-1.0,-1.0,-1.0,-1.0,0.14207578125
2024-08-02,448.1202697753906,-1.0,-1.0,-1.0,0.16971444444444447,-1.0,-1.0,0.301032,-1.0,-1.0,0.090841,-1.0,-1.0,-1.0,-1.0,-1.0,0.19146525,-1.0,-1.0,-1.0,-1.0,-1.0,-1.0,-1.0,0.166655,-1.0,-1.0,-1.0,-1.0,-1.0,-1.0,-1.0,-1.0,-1.0,-1.0,-1.0,-1.0,-1.0,-1.0,0.1610695
2024-08-05,434.7590637207031,-1.0,-1.0,-1.0,0.179608625,-1.0,-1.0,-1.0,-1.0,-1.0,-1.0,-1.0,-1.0,-1.0,-1.0,-1.0,0.15723900000000002,-1.0,-1.0,-1.0,-1.0,-1.0,-1.0,-1.0,0.23987499999999998,-1.0,-1.0,-1.0,-1.0,-1.0,-1.0,-1.0,-1.0,-1.0,-1.0,-1.0,-1.0,-1.0,-1.0,0.14013174074074075
2024-08-06,438.9132080078125,-1.0,-1.0,-1.0,0.19746425,-1.0,0.086343,-1.0,-1.0,-1.0,-1.0,0.184269,-1.0,-1.0,-1.0,-1.0,0.2877505,-1.0,-1.0,-1.0,-1.0,-1.0,-1.0,-1.0,0.26817725,-1.0,-1.0,-1.0,-1.0,-1.0,-1.0,-1.0,-1.0,-1.0,-1.0,-1.0,-1.0,-1.0,-1.0,0.14459792105263158
2024-08-07,434.1598815917969,-1.0,-1.0,-1.0,0.193869,-1.0,-1.0,0.083833,-1.0,-1.0,-1.0,0.0,-1.0,-1.0,-1.0,-1.0,0.14058949999999998,-1.0,-1.0,-1.0,-1.0,-1.0,-1.0,-1.0,0.24479,-1.0,-1.0,-1.0,-1.0,-1.0,-1.0,-1.0,-1.0,-1.0,-1.0,-1.0,-1.0,-1.0,-1.0,0.14984015
2024-08-08,447.4412536621094,-1.0,-1.0,-1.0,0.318937,-1.0,-1.0,0.14115350000000002,-1.0,-1.0,-0.074399,0.134488,-1.0,-1.0,-1.0,-1.0,-1.0,-1.0,-1.0,-1.0,-1.0,-1.0,-1.0,-1.0,0.3289895,-1.0,-1.0,-1.0,-1.0,-1.0,-1.0,-1.0,-1.0,-1.0,-1.0,-1.0,-1.0,-1.0,-1.0,0.14020531707317074
2024-08-09,449.7779541015625,-1.0,-1.0,-1.0,0.22176496153846154,-1.0,0.086343,-1.0,-1.0,-1.0,0.070154,-1.0,-1.0,-1.0,-1.0,-1.0,0.17801155555555556,-1.0,-1.0,-1.0,-1.0,-1.0,-1.0,0.093823,0.16608166666666666,-1.0,-1.0,-1.0,-1.0,-1.0,-1.0,-1.0,-1.0,-1.0,-1.0,-1.0,-1.0,-1.0,-1.0,0.16757266666666668
2024-08-12,450.74658203125,-1.0,-1.0,-1.0,0.21406779166666667,-1.0,-1.0,-1.0,-1.0,-1.0,0.130103,-0.003598,-1.0,-1.0,-1.0,-1.0,0.20944314285714286,-1.0,-1.0,-1.0,-1.0,-1.0,-1.0,-1.0,0.277216,-1.0,-1.0,-1.0,-1.0,-0.128277,-1.0,-1.0,-1.0,-1.0,-1.0,-1.0,-1.0,-1.0,-1.0,0.12227353846153846
2024-08-13,461.93084716796875,-1.0,-1.0,-1.0,0.17440675,-1.0,-1.0,-1.0,-1.0,-1.0,-1.0,0.22843899999999998,-1.0,-1.0,-1.0,-1.0,0.1949215,-1.0,-1.0,-1.0,-1.0,-1.0,-1.0,0.248607,0.30912300000000004,-1.0,-1.0,-1.0,-1.0,-1.0,-1.0,-1.0,-1.0,-1.0,-1.0,-1.0,-1.0,-1.0,-1.0,0.1357326875
2024-08-14,462.0806884765625,-1.0,-1.0,-1.0,0.18244749999999998,-1.0,-1.0,0.029233,-1.0,-1.0,-1.0,-1.0,-1.0,-1.0,-1.0,-1.0,0.1919146,-1.0,-1.0,-1.0,-1.0,-1.0,-1.0,0.157593,0.24808299999999997,-1.0,-1.0,-1.0,-1.0,0.269975,-1.0,-1.0,-1.0,-1.0,-1.0,-1.0,-1.0,-1.0,-1.0,0.1323862962962963
2024-08-15,473.7542724609375,-1.0,-1.0,-1.0,0.25266841379310345,-1.0,0.086343,0.326577,-1.0,-1.0,0.13349,0.077086,-1.0,-1.0,-1.0,-1.0,0.20414669230769228,-1.0,-1.0,-1.0,-1.0,-1.0,-1.0,0.171251,0.26777,-1.0,-1.0,-1.0,-1.0,-1.0,-1.0,-1.0,-1.0,-1.0,-1.0,-1.0,-1.0,-1.0,-1.0,0.12588
2024-08-16,474.3634033203125,-1.0,-1.0,-1.0,0.23080633333333334,-1.0,0.086343,0.183506,-1.0,-1.0,0.06707066666666665,0.260817,-1.0,-1.0,-1.0,-1.0,0.1894508,-1.0,-1.0,-1.0,-1.0,-1.0,-1.0,0.214178,0.182578,-1.0,-1.0,-1.0,-1.0,-1.0,-1.0,-1.0,-1.0,-1.0,-1.0,-1.0,-1.0,-1.0,-1.0,0.281941
2024-08-19,480.5946350097656,-1.0,-1.0,-1.0,0.22474505000000003,-1.0,-1.0,0.199108,-1.0,-1.0,-1.0,-1.0,-1.0,-1.0,-1.0,-1.0,0.178166125,-1.0,-1.0,-1.0,-1.0,-1.0,-1.0,0.210166,0.053193,-1.0,-1.0,-1.0,-1.0,-1.0,-1.0,-1.0,-1.0,-1.0,-1.0,-1.0,-1.0,-1.0,-1.0,0.1665824117647059
2024-08-20,479.5860595703125,-1.0,-1.0,-1.0,0.21026875999999997,-1.0,-1.0,-1.0,-1.0,-1.0,0.138433,0.0916965,-1.0,-1.0,-1.0,-1.0,0.2030691,-1.0,-1.0,-1.0,-1.0,-1.0,-1.0,-1.0,-1.0,-1.0,-1.0,-1.0,-1.0,-1.0,-1.0,-1.0,-1.0,-1.0,-1.0,-1.0,-1.0,-1.0,-1.0,0.16080866666666668
2024-08-21,481.8229064941406,-1.0,-1.0,-1.0,0.20357070588235293,-1.0,0.086343,-0.01544,-1.0,-1.0,-1.0,0.2746135,-1.0,-1.0,-1.0,-1.0,0.17318716666666667,-1.0,-1.0,-1.0,-1.0,-1.0,-1.0,-1.0,0.2554632857142857,-1.0,-1.0,-1.0,-1.0,0.1265515,-1.0,-1.0,-1.0,-1.0,-1.0,-1.0,-1.0,-1.0,-1.0,0.15999266666666667
2024-08-22,474.18365478515625,-1.0,-1.0,-1.0,0.166808625,-1.0,0.086343,0.25373566666666664,-1.0,-1.0,-0.036445,-1.0,-1.0,-1.0,-1.0,-1.0,0.22208000000000003,-1.0,-1.0,-1.0,-1.0,-1.0,-1.0,0.089702,0.0871185,-1.0,-1.0,-1.0,-1.0,-1.0,-1.0,-1.0,-1.0,-1.0,-1.0,-1.0,-1.0,-1.0,-1.0,0.1250792857142857
2024-08-23,479.326416015625,-1.0,-1.0,-1.0,0.24169262962962962,-1.0,-1.0,-1.0,-1.0,-1.0,0.1613505,0.07837833333333334,-1.0,-1.0,-1.0,-1.0,0.17783644444444446,-1.0,-1.0,-1.0,-1.0,-1.0,-1.0,-1.0,0.25813142857142857,-1.0,-1.0,-1.0,-1.0,0.037809,-1.0,-1.0,-1.0,-1.0,-1.0,-1.0,-1.0,-1.0,-1.0,0.248688
2024-08-26,474.6729736328125,-1.0,-1.0,-1.0,0.19586599999999998,-1.0,-1.0,0.12591,-1.0,-1.0,-1.0,-1.0,-1.0,-1.0,-1.0,-1.0,0.11994112500000001,-1.0,-1.0,-1.0,-1.0,-1.0,-1.0,0.01978,0.2154,-1.0,-1.0,-1.0,-1.0,-1.0,-1.0,-1.0,-1.0,-1.0,-1.0,-1.0,-1.0,-1.0,-1.0,0.169621
2024-08-27,476.0909729003906,-1.0,-1.0,-1.0,0.1902424193548387,-1.0,-1.0,0.0778775,-1.0,-1.0,0.1508,-1.0,-1.0,-1.0,-1.0,-1.0,0.1920938,-1.0,-1.0,-1.0,-1.0,-1.0,-1.0,-1.0,-1.0,-1.0,-1.0,-1.0,-1.0,-1.0,-1.0,-1.0,-1.0,-1.0,-1.0,-1.0,-1.0,-1.0,-1.0,0.17673383333333334
2024-08-28,470.6885681152344,-1.0,-1.0,-1.0,0.21539392307692307,-1.0,-1.0,0.243668,-1.0,-1.0,-1.0,-0.173025,-1.0,-1.0,-1.0,-1.0,-1.0,-1.0,-1.0,-1.0,-1.0,-1.0,-1.0,0.142919,0.2268385,-1.0,-1.0,-1.0,-1.0,0.151303,-1.0,-1.0,-1.0,-1.0,-1.0,-1.0,-1.0,-1.0,-1.0,0.1705185
2024-08-29,469.9995422363281,-1.0,-1.0,-1.0,0.21296076,-1.0,0.086343,0.087253,-1.0,-1.0,-1.0,0.148948,-1.0,-1.0,-1.0,-1.0,0.1292434,-1.0,-1.0,-1.0,-1.0,-1.0,-1.0,0.273878,0.321597,-1.0,-1.0,-1.0,-1.0,0.143798,-1.0,-1.0,-1.0,-1.0,-1.0,-1.0,-1.0,-1.0,-1.0,0.17668953846153845
2024-08-30,475.6016540527344,-1.0,-1.0,-1.0,0.16391699999999998,-1.0,0.086343,-1.0,-1.0,-1.0,0.05556199999999999,-1.0,-1.0,-1.0,-1.0,-1.0,0.2120644,-1.0,-1.0,-1.0,-1.0,-1.0,-1.0,-0.004881,0.122574,-1.0,-1.0,-1.0,-1.0,0.174849,-1.0,-1.0,-1.0,-1.0,-1.0,-1.0,-1.0,-1.0,-1.0,0.208489
